full_name,group,language,size_kb,cc_mean,cc_max,nloc_total,n_functions,duplication_pct,test_file_ratio,cbo_mean,lcom_mean,dit_mean,wmc_mean
Proyecto-final-P2/Proyecto-Gestion-Eventos,academico,Java,328,1.9537712895377128,19.0,4390.0,411,11.345646437994723,0.1818181818181818,2.356164383561644,12.32876712328767,2.1232876712328768,11.0
IgorGustavoZ/TCC_Diartrip_Cotil,academico,Python,17181,2.127551020408163,18.0,6781.0,588,6.126667312598908,0.25,,,,
houddani/Misiotronica,academico,JavaScript,36493,1.368421052631579,3.0,346.0,19,0.431569026241381,0.1176470588235294,,,,
VitorYuji25/Proejto_TCC_VitorMatsushita_UFU,academico,Python,51773,3.235294117647059,11.0,686.0,34,1.3386045221251217,0.0,,,,
marodrigues412/ampara-tcc,academico,JavaScript,66316,2.8435114503816794,42.0,3605.0,262,1.958080529509101,0.0,,,,
hugorsgarcia/gbemulator,academico,Java,1795,3.887733887733888,275.0,5605.0,481,3.341812121743707,0.0,2.627450980392157,95.33333333333331,1.411764705882353,43.11764705882353
danilo562/BootCamp_ColaboraAi,academico,Java,273,1.4364640883977902,17.0,998.0,181,46.33278250921571,0.1228070175438596,4.239130434782608,19.847826086956523,1.0,5.695652173913044
abrahamchang/trabajo-de-grado-2019,academico,JavaScript,3421,2.562874251497006,41.0,4096.0,501,20.215820674323822,0.0,,,,
RaccoonTechnologyManagement/RaccoonTechnologyManagement,academico,JavaScript,1648,1.8584269662921349,18.0,6937.0,445,15.223194748358862,0.0,,,,
spereyra-spec2/Proyecto-Final-Integrador-IDS,academico,Python,29746,4.257352941176471,22.0,4369.0,272,7.946715663757464,0.0,,,,
NicovrauG/TCC,academico,Python,10699,4.5,40.0,612.0,28,0.778642936596218,0.0,,,,
Arthurferrera/crypto-exchange-desktop,academico,Java,30826,1.7297297297297298,10.0,1487.0,111,15.628637951105937,0.0,1.2765957446808511,3.617021276595745,1.851063829787234,4.085106382978723
wendreof/tcc,academico,Java,22507,1.7407407407407407,6.0,173.0,27,15.447897623400369,0.0,2.875,4.25,1.375,5.75
FranciscoCou077/Proyecto-EDAII-Backend,academico,Python,1138,2.7524752475247523,15.0,1010.0,101,9.041468388851122,0.081081081081081,,,,
jlucassr/TCC-Barry-Snow,academico,Python,29201,1.4,3.0,19.0,5,3.488372093023256,0.0,,,,
danielbulacio/Proyecto-TP-Final-INTRO,academico,JavaScript,7891,2.6866666666666665,19.0,1858.0,150,9.496604505766951,0.0,,,,
claudiomlarrea/SAVT,academico,Python,1707,8.326403326403327,77.0,12468.0,481,0.945588155832928,0.0,,,,
gskumlehn/stock-it,academico,JavaScript,8751,,,0.0,0,21.691470161839103,0.0071982281284606,,,,
OppaDev/tesis-first-aid,academico,Python,18116,1.7690582959641257,21.0,3288.0,446,9.784779684506582,0.1089108910891089,,,,
NICXONP/ProyectoIntegrador4SEM,academico,Java,1284,1.9553805774278212,18.0,5292.0,381,9.981812346207338,0.0,2.707692307692308,15.03076923076923,2.769230769230769,11.492307692307692
GustavoBiava/race-wiki-tcc,academico,JavaScript,30885,2.0,17.0,7707.0,636,18.452475720426683,0.0,,,,
anajulialeite/Cardapio_Online_TCC_II,academico,JavaScript,139293,2.512953367875648,24.0,2376.0,193,1.5202040015692428,0.0,,,,
odilonferreira/testrunner,academico,Java,3481,1.1075949367088609,6.0,952.0,158,11.462845718093968,0.0166666666666666,5.694915254237288,8.440677966101696,1.3220338983050848,3.016949152542373
Hicaro-Bauer/PROJETO_MAONARODA,academico,Java,11665,1.221311475409836,28.0,3903.0,488,13.326123527998076,0.0,1.463768115942029,23.27536231884058,1.579710144927536,4.311594202898551
JmateoAF/ServiCart,academico,Java,1477,1.5754857997010463,19.0,4456.0,669,6.25627300100368,0.0,5.7819548872180455,20.127819548872186,1.0827067669172932,8.406015037593985
jpsanchezg/trabajo_de_grado_encryptai,academico,Python,604,2.240740740740741,9.0,774.0,54,5.150214592274678,0.0,,,,
tesis-bachiller-edson-chavez/tesis_bachiller_backend_multimodular,academico,Java,693,1.6593264248704662,15.0,10406.0,772,12.592623779050186,0.2857142857142857,8.526315789473685,17.50375939849624,1.0075187969924813,11.150375939849624
ChrisX4Ever/ProyectoFinalTIC4,academico,Python,16937,8.0,14.0,67.0,2,0.0,0.0,,,,
ISRA-VR/Inventario-ZAPATERIA,academico,JavaScript,37771,4.134078212290503,80.0,2493.0,179,7.925000823804659,0.0,,,,
AxelSantander26/Curso-Integrador,academico,Java,34636,1.6571428571428573,24.0,1744.0,245,4.656926689277328,0.0,3.8,82.46666666666667,1.4,13.1
Ctrl-Angelus/AbyssBound,academico,Python,9092,3.1956521739130435,34.0,1175.0,92,2.5451862781261525,0.0,,,,
XxAlexplosivoxX/Proyecto-PAP,academico,Java,438,1.4186046511627908,5.0,494.0,43,2.696871628910464,0.0833333333333333,2.25,1.5833333333333333,3.5,5.166666666666667
CamilaListon/bibliotecapessoal2.0,academico,JavaScript,27263,,,0.0,0,,0.0040322580645161,,,,
Wandersonelias/skillbuscarimoveis,academico,JavaScript,354,1.864864864864865,5.0,290.0,37,9.184372858122002,0.0,,,,
pacdouglas/TCC-GoTorcidaAndroid,academico,Java,4894,1.888636363636364,19.0,4718.0,440,15.431498411463398,0.0277777777777777,5.62,0.85,1.735,4.16
Otaviano00/sistema-sarmaforte,academico,Java,55987,3.1010526315789475,29.0,7238.0,475,29.759023996773543,0.0,4.5,34.03125,1.28125,30.6875
ArielBorbon/Sistema_TRAG,academico,Java,1378,1.578783151326053,34.0,11464.0,1282,27.182056142251103,0.0,3.1494661921708187,21.12811387900356,1.5409252669039146,8.373665480427047
EspacoSenai/EspacoSenai.BackEnd,academico,Java,494,1.983402489626556,30.0,3890.0,482,11.260613037847172,0.0,7.153846153846154,24.23076923076923,1.4326923076923077,11.346153846153848
Autumn64/conexion-uvm,academico,Python,1337,3.5789473684210527,8.0,750.0,57,0.3784693019343986,0.0,,,,
beavct/mac0499-tcc,academico,Python,839,4.224489795918367,21.0,1246.0,98,3.513870541611625,0.0,,,,
tiagofabian/springboot-sa-ha1,academico,Java,214,1.6412213740458017,20.0,1250.0,131,9.780821917808218,0.0186915887850467,7.10126582278481,2.2025316455696204,1.1265822784810129,4.316455696202532
monick96/BACKEND-HUNTECH,academico,JavaScript,1410,3.380116959064328,28.0,2872.0,171,0.8259212198221092,0.0,,,,
Punchzin/EasyProg,academico,JavaScript,76077,1.92,12.0,191.0,25,1.7646793338448346,0.0,,,,
RenanMagalhaesLage/TCC,academico,JavaScript,10550,2.4297520661157024,18.0,1871.0,121,22.748815165876778,0.0,,,,
GustavoCarvalho25/CarSalesSystem,academico,Java,211,2.877551020408163,10.0,1309.0,49,18.317972350230416,0.0,1.1785714285714286,0.25,4.035714285714286,5.035714285714286
SaTsSo/SC-303_Cliente-Servidor_ProyectoFinal,academico,Java,353,1.7746113989637309,33.0,3598.0,386,14.501510574018129,0.0,2.156862745098039,25.80392156862745,1.7647058823529411,13.372549019607844
JustBeingLuis/Trabajo-de-grado,academico,Python,57232,4.445454545454545,19.0,2119.0,110,1.1642714207749685,0.0,,,,
Gianfranco05/Tesis_SiemInteligenteMachineLearning_Canciani,academico,Python,942,2.980392156862745,15.0,881.0,51,4.376930998970134,0.0,,,,
ezequielluge/proyecto_CTD_DH,academico,JavaScript,382,1.631578947368421,6.0,402.0,38,0.98119378577269,0.075,,,,
iPoe/backend-tesis,academico,Python,360,2.316455696202532,8.0,842.0,79,0.9029345372460496,0.0714285714285714,,,,
aremec-tesis/ml-microservice,academico,Python,3882,3.0476190476190474,14.0,389.0,21,1.556970983722576,0.0,,,,
dduenas2/smartsack,academico,Python,3208,2.793594306049822,70.0,10146.0,562,1.665031751768289,0.1511627906976744,,,,
RISC-V-Azedinha/GUI-TCC,academico,Python,84663,3.755434782608696,33.0,3610.0,184,0.2025658338960162,0.0,,,,
aaizaguirre/inmoplus-DEW_cibertec,academico,JavaScript,3147,2.6666666666666665,8.0,32.0,6,0.5632582322357019,0.0,,,,
sergiopdf-x/Proyecto_Final_Ferreteria,academico,Java,41583,1.680851063829787,11.0,717.0,94,1.4775016789791806,0.0,5.941176470588236,9.941176470588236,1.2352941176470589,9.941176470588236
vitor-tardivo/Chatbot-Funil-Simples,academico,JavaScript,28429,3.3764940239043826,68.0,8290.0,502,15.898138006571742,0.0,,,,
Felipe-Baz/TCC_cleanArch,academico,Python,61968,3.1549371633752243,92.0,66268.0,5570,1.6391346051369498,0.0078125,,,,
pedrofsn/tradutor-libras-elis,academico,JavaScript,17435,3.476030591307592,2814.0,46216.0,5361,41.27465466733253,0.0168067226890756,,,,
iribel97/Backend_Tesis,academico,Java,91481,2.7444444444444445,18.0,6104.0,270,8.405025262870408,0.0052631578947368,7.894736842105263,13.442105263157895,1.0315789473684212,5.410526315789474
bcosta19/TCC,academico,Python,53797,4.816326530612245,58.0,2578.0,147,5.807860262008734,0.0303030303030303,,,,
Digory23/Omnicare-DES9,academico,JavaScript,32486,,,0.0,0,38.29710444444893,0.0,,,,
TinSolis/tesis-french-deputies-analysis,academico,Python,115112,6.381395348837209,44.0,4988.0,215,11.54237186771126,0.0192307692307692,,,,
ellenmcabral/alda_tcc,academico,JavaScript,4543,2.105545617173524,31.0,3282.0,559,4.836744639376218,0.0,,,,
Joaquin1927/proyectoIntegrador,academico,JavaScript,55101,3.280590717299578,144.0,3954.0,474,2.3780794369029663,0.0863309352517985,,,,
LethalCode23/SweetNestApp,academico,Java,538,1.215568862275449,7.0,1152.0,167,3.860329776915616,0.0106382978723404,6.095744680851064,7.670212765957447,1.074468085106383,3.75531914893617
FabricioColedani/SGB_DB,academico,JavaScript,1041,2.6142857142857143,14.0,1874.0,140,5.171723641021536,0.0769230769230769,,,,
pedroinaciop/monitoramento-alimentar-api,academico,Java,240,1.2576687116564418,7.0,1060.0,163,3.9470574332309143,0.0196078431372549,8.333333333333334,18.97222222222222,1.0277777777777777,7.0
ErickLuiscb/Erick-TCC-MindUp,academico,JavaScript,24657,1.1176470588235294,2.0,142.0,17,8.781659138985765,0.0,,,,
ZhylonIT/proyectofinal-vuelafacil,academico,JavaScript,44200,1.457516339869281,11.0,1173.0,153,3.289548182538784,0.0991735537190082,,,,
Abduz102/BarberiaStyle,academico,Java,4781,1.8792569659442724,11.0,1615.0,323,1.087731811697575,0.0,2.8461538461538463,7.666666666666667,1.0769230769230769,8.717948717948717
paulobazooka/embrapa-produtor,academico,Java,12797,3.0362756952841594,51.0,16725.0,1654,8.917610659214532,0.0111111111111111,5.839506172839506,9.753086419753089,1.1358024691358024,5.679012345679013
ETEC-de-Guaianazes/Cronos,academico,Java,18021,1.6443873179091688,38.0,13594.0,1167,22.05986449590454,0.0,1.2377450980392155,16.612745098039216,1.3823529411764706,4.703431372549019
bvislao/hotel-app-utp,academico,Java,5358,1.8303571428571428,15.0,5898.0,448,31.944557023587585,0.0,2.482269503546099,5.418439716312057,1.822695035460993,4.723404255319149
ashcroft08/oa-inclusivos-auditiva,academico,JavaScript,139594,1.894736842105263,8.0,1507.0,133,5.9991317046217,0.0,,,,
joaquinDev22/Proyecto-Final-Progra-3,academico,Java,255,2.349056603773585,32.0,1195.0,106,2.95729948066936,0.0063291139240506,6.925,0.45625,1.04375,2.30625
leiteav/lookao-api,academico,Java,202,1.6428571428571428,8.0,112.0,14,0.3914988814317673,0.0588235294117647,4.555555555555555,0.3333333333333333,1.1111111111111112,1.8333333333333333
xdaviann/codegalaxy,academico,JavaScript,4016,3.0,12.0,624.0,52,2.645113886847906,0.0,,,,
d2cml-ai/llm4tesis,academico,Python,214768,2.625,4.0,85.0,8,0.0,0.0,,,,
Elian027/movilTesis,academico,Java,600,1.8482142857142856,12.0,1238.0,112,11.306532663316585,0.1666666666666666,4.050847457627119,2.4237288135593222,1.152542372881356,3.5084745762711864
EzeCombina/ProyectoFinal,academico,Python,25549,3.526315789473684,30.0,640.0,38,0.7977207977207977,0.1,,,,
diogeneschagas/aws-java-tcc-api,academico,Java,8332,1.4333333333333331,5.0,469.0,60,18.47533632286996,0.0,7.111111111111111,2.611111111111111,1.0,4.777777777777778
Oswaldo0/examples_Tesis,academico,JavaScript,4190,1.3778801843317972,11.0,746.0,217,4.756390106708578,0.0,,,,
LucasGaldinno/autostock,academico,Java,2615,2.3730337078651687,23.0,4581.0,445,7.718638511233246,0.0,6.930434782608696,4.026086956521739,1.191304347826087,6.226086956521739
Hypnos123/hc-software-tesis,academico,Java,7945,1.916022099447514,38.0,8185.0,905,6.088349736781872,0.2186788154897494,7.617328519855596,28.19494584837545,1.144404332129964,7.783393501805054
gbrdev/trabalho-javaweb,academico,Java,2696,1.7361111111111112,8.0,572.0,72,31.3202756619514,0.0,4.2727272727272725,16.454545454545453,1.6363636363636365,8.272727272727273
JackyrDC/Tesis_Code,academico,Python,16664,4.816993464052287,25.0,2673.0,153,8.096999588984792,0.0,,,,
Proyecto-Integrador-II-TSDWAD-C2025/Programador-Web-TSDWAD-C2025,academico,Python,278,2.1809523809523808,10.0,1232.0,105,3.0614870079753023,0.131578947368421,,,,
EcoSort-AI/ecosort-web,academico,JavaScript,1852,1.888,18.0,8747.0,500,3.930027975327783,0.1833333333333333,,,,
jessicasantos13/trabalho-conclusao-programacao-para-automacao-testes,academico,JavaScript,5715,1.125,2.0,50.0,8,0.0,0.5,,,,
Andreyluigi/ApoiaME,academico,JavaScript,10584,3.58675799086758,76.0,6762.0,438,9.285937290932608,0.0,,,,
mateo1272001/Proaudio-BackEnd,academico,Java,946,1.9397260273972603,18.0,3297.0,365,8.255489021956087,0.0038461538461538,6.681992337164751,9.977011494252874,1.0727969348659003,3.6666666666666665
LuMistro/Platinum-eCommerce,academico,Java,17531,1.2816091954022988,9.0,860.0,174,2.5279247501469726,0.0,5.185185185185185,22.666666666666668,1.1851851851851851,8.555555555555555
leandroM2/GestionAlmacen,academico,Java,13951,3.263157894736842,9.0,3321.0,266,17.72374028578591,0.0099009900990099,7.00990099009901,8.05940594059406,1.0198019801980198,10.465346534653465
wallace-2105/verifica-noticia,academico,JavaScript,7548,,,0.0,0,2.497816593886463,0.0059902658180456,,,,
LucasRPorto/projudi-log-offload,academico,Java,592,1.9622166246851385,29.0,3787.0,397,1.1073398387781077,0.2258064516129032,2.911392405063291,17.974683544303797,1.0379746835443038,10.316455696202532
DRodrigues17/CoracaoDasCartas,academico,Java,5998,1.1136363636363635,3.0,205.0,44,0.0,0.0410958904109589,4.7073170731707314,0.4146341463414634,1.2195121951219512,1.3414634146341464
Mi-Turno/mi-turno-backend-tesis,academico,Java,554,1.402097902097902,8.0,2450.0,286,3.648068669527897,0.010204081632653,9.081632653061224,3.0816326530612246,1.1938775510204085,5.071428571428571
raynarg/SIU-FCAD,academico,JavaScript,1246,2.6682242990654204,16.0,2808.0,214,6.733298264071541,0.0,,,,
Projeto-Estacionamento/project-EasyPark-,academico,Java,1059,2.044117647058824,14.0,1872.0,204,5.79244395673303,0.0489510489510489,6.666666666666667,1.4444444444444444,1.0333333333333334,5.111111111111111
sebastianvpz/IntegradorProyecto,academico,Java,256,1.3850267379679144,15.0,1247.0,187,4.567682863385704,0.0222222222222222,6.241758241758242,9.472527472527473,1.010989010989011,4.615384615384615
diturrietag/Whisper-IA,academico,Python,219477,2.4,4.0,67.0,5,0.0,0.0,,,,
MtheusM2/Sigatccompact,academico,Python,20673,2.125290023201856,35.0,4438.0,431,4.662636369953443,0.4047619047619047,,,,
NicolasKaenan/TCC-Orbitae-Software,academico,Java,43007,1.441025641025641,30.0,1355.0,195,24.55443715947917,0.0,6.090909090909091,113.72727272727272,1.1363636363636365,14.363636363636363
camilla-pereira/proj_final_ebac,academico,Python,65905,3.5,4.0,11.0,2,0.0,0.0,,,,
DVLM-Consulting-Group/studiohair-dvlm-backend,academico,Java,450,1.1830985915492958,5.0,615.0,142,7.623982235381199,0.0333333333333333,5.633333333333334,14.766666666666667,1.3,6.233333333333333
Davi-fsS/school-transport-backend,academico,Python,1306,2.17816091954023,16.0,3378.0,522,2.8077753779697625,0.0064102564102564,,,,
paulgutv/creciendo-sano,academico,JavaScript,58320,1.0833333333333333,2.0,51.0,12,0.9198773496867084,0.0,,,,
FranCrov/Proyecto-Final-DesarrolloWEB,academico,JavaScript,1904,1.912280701754386,6.0,539.0,57,0.4060913705583756,0.0,,,,
teey-tech/DiversiFica,academico,Java,5833,1.1704545454545454,4.0,438.0,88,11.491747119277482,0.0476190476190476,6.428571428571429,123.57142857142856,1.0476190476190477,10.0
v-L1ma/AdotaAi.pet-WEB,academico,JavaScript,22093,,,0.0,0,3.174143753014954,0.0,,,,
Lehtty/tcc,academico,JavaScript,20640,3.0568181818181817,15.0,878.0,88,6.7176712073147975,0.0,,,,
ingyeffersonhh-dev/inventario-inteligente-Casserissima,academico,Python,68453,4.601694915254237,29.0,3233.0,118,1.4849257537123144,0.0684931506849315,,,,
jeangeorge/tcc-bookreader,academico,Java,1823,1.6,8.0,1616.0,200,9.147457006952068,0.0714285714285714,4.727272727272728,2.9696969696969697,1.303030303030303,5.015151515151516
agussacca/TESIS-LSA-APP,academico,Python,44778,3.3488372093023258,67.0,11919.0,430,3.648675676447898,0.2413793103448276,,,,
ViniVarella/tcc-traffic-cv,academico,Python,10853,3.302491103202847,37.0,5323.0,281,14.927161742126351,0.1,,,,
wjunior15/python-soc-tcc,academico,Python,699,2.8974358974358974,11.0,504.0,39,7.514450867052023,0.0,,,,
TCC-Senai3/senai-skillup.backend,academico,Java,1024,1.3993055555555556,9.0,1651.0,288,3.33065164923572,0.0128205128205128,5.975609756097561,17.085365853658537,1.024390243902439,7.560975609756097
sepulveda272/Proyecto_integrador_5,academico,JavaScript,8506,3.6447963800904977,51.0,7522.0,442,17.030797578310082,0.0,,,,
kendaozinho/unifacef-tcc,academico,Java,3525,1.4804469273743015,11.0,1096.0,179,6.603043590404953,0.1351351351351351,5.295454545454546,2.386363636363636,1.4772727272727273,6.590909090909091
jhonedin/tiendatg,academico,JavaScript,14622,3.1397252540459166,769.0,82518.0,10628,7.0049641478212905,0.0688405797101449,,,,
romanrios/IFTS-PP4-PI-grupo1,academico,JavaScript,1016,2.4461538461538463,9.0,779.0,65,3.318077803203661,0.0612244897959183,,,,
Shimoto008/VivaBem,academico,JavaScript,3259,2.643835616438356,12.0,1047.0,73,1.7526035052070104,0.0,,,,
eduardokussler/tcc,academico,Python,64980,2.25,5.0,306.0,20,0.7349563619660082,0.0,,,,
Allaht2007/TropicaliaShop-Trabalho-de-Conclusao-de-Curso,academico,JavaScript,16960,1.6490066225165565,8.0,1348.0,151,7.738626226583407,0.0,,,,
alvarmaciel/quintogrado,academico,JavaScript,81805,2.646583850931677,1429.0,16606.0,4830,70.02238057969821,0.0,,,,
vinicius01cs/UNIPA,academico,JavaScript,238,1.7142857142857142,5.0,1394.0,147,9.881889763779528,0.0,,,,
SebaMD/landing-page-tesis,academico,JavaScript,6803,1.0,1.0,3.0,1,0.5845860176568838,0.0,,,,
jucirive19/SISTEMA-DE-FLUJO-DE-TRABAJO,academico,JavaScript,10514,2.785347985347985,26.0,12793.0,1365,14.826660324335151,0.0,,,,
Fernandolembo/TCC_2026,academico,JavaScript,2636,2.2222222222222223,5.0,134.0,9,0.0,0.0,,,,
Titulacion-Sistemas/PracticasDjango,academico,Python,636,4.1715575620767495,134.0,5070.0,443,40.03351464205264,0.0483870967741935,,,,
JonasRF/ProjetoTCC,academico,Java,726,1.4168776371308016,17.0,13925.0,1185,27.840929993010334,0.2247557003257329,7.849206349206349,13.234126984126984,1.5555555555555556,5.932539682539683
isabwllyrr/tcc-dashboard-dialise-sus,academico,JavaScript,1754,2.495049504950495,65.0,2207.0,202,0.4222668520521139,0.0,,,,
JoseDabas/pucmm-qas-inventory-system,academico,Java,1174,1.142056074766355,11.0,3002.0,535,28.1314490217079,0.3356164383561644,8.8125,21.635416666666668,1.1041666666666667,7.53125
ebeltran7/ProyectoIntegradorFitosanitarioU,academico,Java,1224,1.761904761904762,12.0,4164.0,336,9.64467005076142,0.0,2.557377049180328,13.065573770491802,2.721311475409836,9.754098360655735
juanda151005/Proyecto-integrador-2,academico,Python,646,1.6561338289962826,16.0,5096.0,538,4.09159708998584,0.1869918699186991,,,,
ejrodriguez/OpenPublish,academico,JavaScript,8226,,,0.0,0,,0.0,,,,
LESSA-Tesis-2026/arqui-diego,academico,Python,3313,4.593406593406593,33.0,1876.0,91,1.8164170826400443,0.0163934426229508,,,,
Gregory-JP/psychic-chainsaw,academico,Python,34383,1.7272727272727273,7.0,1294.0,132,29.08510638297873,0.0,,,,
ArthurFsaldanhaDev/Projeto-Integrador---Desenvolvimento-Web,academico,JavaScript,6347,,,0.0,0,,0.0018148820326678,,,,
baez-nicolas/studypro-tesis,academico,Java,10903,1.8414872798434443,16.0,7545.0,511,6.46930448809185,0.1317829457364341,7.702564102564103,7.041025641025641,1.0205128205128204,5.769230769230769
juanse22/proyecto-integrador,academico,Java,6011,2.111111111111111,18.0,2051.0,153,1.6744607029717906,0.0,1.3095238095238095,4.976190476190476,1.8333333333333333,7.642857142857143
Jamesostin-15-SY/PROYECTO_POO_FINAL,academico,Java,1020,1.2183908045977012,10.0,903.0,174,6.943040107853051,0.0,1.3333333333333333,14.076923076923077,2.102564102564102,5.461538461538462
ThulioFonseca/EspLoraChain,academico,Python,246,2.294117647058824,7.0,308.0,34,0.6682190948668624,0.1666666666666666,,,,
Barbyland/gestion_productos_final,academico,Python,3395,4.857142857142857,9.0,245.0,14,0.0,0.0,,,,
KarollAmayita/ProyectoIntegradorVr1,academico,JavaScript,42092,2.013138686131387,19.0,5784.0,685,17.010309278350515,0.0188679245283018,,,,
yoselyng123/Cubys,academico,JavaScript,2782,2.1616161616161618,22.0,5158.0,297,4.088096641131409,0.0,,,,
thag0/Information-Bottleneck,academico,Python,76943,2.0625,7.0,372.0,32,47.52967778405879,0.125,,,,
rony728/SIGO-Java-POO-SQLite-Swing,academico,Java,17018,1.974820143884892,13.0,7526.0,834,9.429300175354696,0.0481927710843373,5.580246913580247,39.58024691358025,2.382716049382716,19.82716049382716
grupo-7-tcc-2026/prevision-api,academico,Python,1153,1.6666666666666667,4.0,108.0,9,0.0,0.0,,,,
luizcarloscf/tcc,academico,Python,19152,2.163265306122449,24.0,987.0,98,7.288503253796096,0.1153846153846153,,,,
Luis-Chow/ProyectoFinalWebII,academico,JavaScript,384,3.45679012345679,24.0,2726.0,243,1.0320478001086366,0.0,,,,
neimex23/Trego-Backend,academico,Java,652,1.8856837606837609,28.0,6885.0,936,4.737796112257016,0.0,7.0,32.82442748091603,1.1450381679389312,14.198473282442748
gabrielbordiga/tesisAltoPortatiles,academico,JavaScript,3078,3.171232876712329,27.0,4619.0,438,5.126387904559413,0.0,,,,
Linkado36778/Smart_Balance_Backend,academico,Python,7796,3.4,9.0,486.0,30,0.670859538784067,0.25,,,,
Marino-LC/tesisx3_plus,academico,Python,37222,4.289473684210527,61.0,2548.0,114,5.139218009478673,0.1311475409836065,,,,
kcuyuch-2024177/ThirtySixSevenThree,academico,JavaScript,432,3.298245614035088,20.0,1331.0,114,21.477045908183637,0.0,,,,
MattxPz/academic-events-api,academico,Java,468,1.6275071633237823,21.0,3256.0,349,10.063625077591558,0.088,10.6875,4.979166666666667,1.28125,6.59375
GabriielGamez/FrontEnd-PCEXTREME,academico,JavaScript,22353,3.7772511848341233,25.0,3182.0,211,3.5406091370558377,0.0,,,,
TresMilDeName22/POOUNALGrupo2,academico,Python,658,2.08,9.0,1004.0,75,1.5255292652552928,0.0,,,,
roanbupa/ProyectoM1_AndresBurgos,academico,JavaScript,801,2.083333333333333,7.0,104.0,12,0.0,0.0,,,,
eduazzolin/reportai-server,academico,Java,236,2.1194029850746268,19.0,1776.0,134,5.915745443680908,0.0821917808219178,7.763157894736842,3.1447368421052637,1.0526315789473684,5.0
OviedoMarcelo/FoodStoreTPI,academico,Java,2478,3.636363636363636,16.0,975.0,55,6.675324675324676,0.0,7.444444444444445,0.5,1.5,11.0
nullguess/e-gas,academico,JavaScript,794,1.7666666666666666,9.0,585.0,60,14.740049514378214,0.0,,,,
msilvalucas/aves-de-rapina,academico,Java,4260,1.111940298507463,3.0,867.0,134,1.955697465575733,0.171875,7.875,1.3,1.275,3.8
josemartinrodriguezmortaloni/ProyectoFinalSimulacion,academico,Python,1518,1.4108910891089108,7.0,1583.0,202,40.93136426616201,0.0384615384615384,,,,
wilsonfcj/api-sti-tcc,academico,Java,7557,1.5245098039215683,23.0,2206.0,408,11.29182156133829,0.0,4.289156626506024,26.85542168674699,1.3493975903614457,8.46987951807229
MiyoBran/simulador-colectivos,academico,Java,15026,1.8325722983257229,11.0,3501.0,657,18.0983087966906,0.1518987341772152,4.375886524822695,17.106382978723403,1.297872340425532,10.26241134751773
SantiFenoglio/412330-motovias,academico,Java,57066,1.3951367781155015,12.0,3702.0,329,4.732516574501237,0.1193181818181818,9.131147540983608,2.737704918032787,1.0081967213114753,4.311475409836065
lanjoni/AsAid,academico,Java,7394,1.5592592592592591,11.0,3352.0,270,18.662983425414364,0.0,1.554054054054054,15.905405405405403,1.4594594594594594,5.6891891891891895
FabricioUTP/Proyecto-Final-de-Desarrollo-de-Aplicaciones-M-viles,academico,JavaScript,2343,2.547169811320755,10.0,464.0,53,2.0402285055926264,0.0,,,,
fedeheinrich/clubgamer,academico,JavaScript,5195,4.149122807017544,39.0,2513.0,114,4.174869323195981,0.0,,,,
AndreEsposito/tcc-food-label-analyzer,academico,Python,5221,2.85,14.0,2201.0,180,2.734962406015038,0.1428571428571428,,,,
JhanCarlosMC/ProjectBase,academico,Java,17001,2.1724137931034484,10.0,507.0,58,3.1403707907680665,0.1818181818181818,4.5625,11.6875,1.5,7.9375
HRamiroAlbornoz/ProyectoM3_HernanRamiroAlbornoz,academico,JavaScript,4329,1.4082840236686391,16.0,1067.0,169,2.550263122385643,0.4285714285714285,,,,
Juan-Carlos-Estevez-Vargas/Trabajos-de-Grado-Unisangil,academico,Java,2011,1.2466793168880457,9.0,4551.0,527,13.14119238372698,0.2294617563739376,7.293103448275862,12.844827586206897,1.3275862068965518,7.077586206896552
ccuffs/controle-tccs-front,academico,JavaScript,1267,2.537467700258398,30.0,8362.0,774,5.924924447272149,0.0,,,,
LuanCSV/pets-social-network-DH,academico,JavaScript,936,1.8983050847457628,11.0,728.0,59,14.095963310690951,0.0,,,,
VivianaCuartas/NT_sabados1_MedellinParce,academico,Python,207,4.307692307692308,12.0,294.0,13,0.0,0.0,,,,
4snt/rizoma-backend,academico,Python,605,2.090032154340836,20.0,7723.0,622,1.0665312341289994,0.1188811188811188,,,,
Web-101/proyecto-final-Ale07bb,academico,JavaScript,3813,2.097560975609756,8.0,481.0,41,2.9662047167517627,0.0,,,,
EmilioOcelotl/tres-app,academico,JavaScript,29198,2.70125786163522,18.0,3894.0,318,20.03713035406445,0.0,,,,
Arthurferrera/crypto-exchange,academico,Java,5391,2.4934541792547837,29.0,9893.0,993,7.836329417872672,0.0,2.2222222222222223,58.0,1.2222222222222223,10.88888888888889
Felps-g/SCOUT-VOLEIBOL-TCC,academico,JavaScript,27564,2.960526315789474,21.0,1951.0,152,5.5335031696190535,0.0045385779122541,,,,
JohnathanAraujo/ml-tumor-cerebral,academico,Python,65154,1.8571428571428568,4.0,116.0,7,0.0,0.0,,,,
mpluasgu/Multicentro_Mascotas,academico,Java,4270,1.4148148148148147,15.0,1600.0,270,4.529453180004694,0.0,7.46,53.24,1.12,12.7
Walter-Dalla/Tcc-comportamento-abelhas,academico,Python,920,2.0062578222778478,16.0,7270.0,799,4.687468806771675,0.3355263157894737,,,,
Kaua-da-Silva-Padin/cantinaTcc,academico,JavaScript,322,,,0.0,0,1.5871875897730536,0.0,,,,
SophiaAg/Boxpets-node,academico,JavaScript,137817,2.1360759493670884,11.0,4031.0,316,15.841303290646785,0.0,,,,
JuanReina13/PROYECTO_FINAL,academico,Java,1129,1.3419354838709678,4.0,1208.0,155,15.33900489816963,0.0,2.238095238095238,5.214285714285714,3.238095238095238,4.928571428571429
AdrianoBendazzoli10/Tcc,academico,Python,6287,4.111111111111111,12.0,418.0,18,0.0,0.0,,,,
Gu1Ramires/PROJETO-SOURCE,academico,JavaScript,208,1.7727272727272727,11.0,652.0,88,13.050405561993047,0.0,,,,
GabrielNHachmann/TomadaInteligente,academico,Python,16815,,,0.0,0,,0.0062182023742227,,,,
Daniel-Thielmann/ml-eeg-classification-fbcsp-fractal,academico,Python,5763,5.885496183206107,39.0,4067.0,131,23.863636363636363,0.24,,,,
Dannhz/Android-Joystick-Arduino,academico,Java,1246,2.493333333333333,14.0,892.0,75,6.422018348623854,0.4,3.34375,5.65625,1.25,5.90625
freddurao/talentos-ic-tcc-front,academico,JavaScript,1995,1.304878048780488,12.0,379.0,82,3.6787762906309753,0.056338028169014,,,,
TRABAJO-DE-GRADO-SXS/docs,academico,JavaScript,86676,2.664855072463768,52.0,4774.0,552,8.109707971586424,0.0,,,,
Tesis-Sistema-IoT/Frontend-Service,academico,JavaScript,947,2.623762376237624,20.0,1612.0,202,2.3385100964814747,0.0,,,,
danyel-dev/ConsigMe,academico,Python,16659,,,0.0,0,,0.0122358175750834,,,,
caiohrmm/TCC-BartoFinance,academico,Java,1313,2.4684820978315685,105.0,4033.0,1983,5.1371681415929205,0.0364963503649635,8.467532467532468,3.0779220779220777,1.12987012987013,5.636363636363637
GabrielIvo0/InteratIvo,academico,Java,623,2.4262295081967213,71.0,3468.0,244,15.22567703109328,0.0,1.0309278350515465,42.08247422680412,1.175257731958763,6.123711340206185
Hector-venero/Historia-Clinica-CAU-Full-API,academico,JavaScript,104768,3.150259067357513,25.0,13299.0,193,0.6776522866135901,0.0,,,,
SantiagoUdeA/vegas-backend,academico,Java,574,1.5179856115107917,8.0,2611.0,278,4.595776351288492,0.0043478260869565,7.323699421965318,2.2832369942196533,1.4566473988439306,3.520231213872832
varnt/BTOWEEN,academico,Java,435,1.8876404494382024,26.0,647.0,89,0.3370245546461242,0.0,2.333333333333333,4.066666666666666,1.0666666666666669,11.266666666666667
ErichComparin/App_CompartilhamentoFotos-Android,academico,Java,538,1.339080459770115,5.0,985.0,174,7.311148894826331,0.064516129032258,4.509433962264151,8.150943396226415,1.2264150943396226,4.415094339622642
claruchis/proyecto-final-automation-testing-clara-carbonetti,academico,Python,22310,1.4130434782608696,6.0,272.0,46,0.0,0.5,,,,
EMG2311/LuteranoBackEnd,academico,Java,865,3.6517719568567024,70.0,11721.0,649,8.982912383416162,0.0,6.970833333333333,4.695833333333334,1.2375,5.675
GiovaniCancherini/facial-counterfactual-clip,academico,Python,57578,4.4319066147859925,37.0,4991.0,257,28.428192273665587,0.024390243902439,,,,
Altea-project/Proyecto-Integrador-RIWI,academico,JavaScript,485,2.2905405405405403,16.0,4720.0,296,1.434179953529365,0.0,,,,
Rafael-Caires/TCC-AI-Financial-Analyst,academico,Python,1379,3.2604735883424407,20.0,9792.0,549,6.345944993982799,0.0515463917525773,,,,
caloloc2/Control_UIsrael,academico,Java,318,1.8,7.0,365.0,35,2.0823692734844976,0.3333333333333333,3.2962962962962963,0.3333333333333333,1.148148148148148,2.333333333333333
azurdiajonatan/Integrador_Analisis_Datos,academico,Python,23083,3.631578947368421,9.0,287.0,19,0.5396697543294402,0.0,,,,
Alejandr0o0o/ServerGuard,academico,JavaScript,1028,2.125,11.0,1229.0,80,1.1339395980689346,0.0,,,,
niclesantiutn/TP-DSI-2025,academico,Java,1340,1.6065573770491803,9.0,1985.0,122,9.272334293948129,0.0714285714285714,8.703703703703704,1.8641975308641976,1.0864197530864197,2.925925925925926
fermop/ProyectoM1_FernandoPerezMojica,academico,JavaScript,2438,1.5714285714285714,4.0,144.0,14,0.0,0.0,,,,
itscamyvicc/prototipo-c-v-d,academico,JavaScript,1635,3.568421052631579,39.0,1986.0,190,6.036675143889707,0.0,,,,
paulotaraujo/TCC_master,academico,Python,139845,5.566137566137567,192.0,19796.0,756,32.4753543720469,0.010752688172043,,,,
raulcommits/PrototipoDeTCC-VyaSaude,academico,JavaScript,12147,3.0625,27.0,2057.0,160,7.792176217451558,0.0,,,,
Otavio088/sormax,academico,Python,293,3.625,34.0,1130.0,64,8.864696734059098,0.0,,,,
BrunoFernandes1302/controle_almoxarifado_estoque,academico,JavaScript,12287,2.467455621301775,10.0,2501.0,169,3.926763682378994,0.0,,,,
pedro-m-nunes/enemsim,academico,Java,164613,1.5327102803738315,12.0,1627.0,214,4.598300192431045,0.0294117647058823,6.956521739130435,2.0,1.1884057971014492,3.0
ydirickson/TCC-MBAEsalq,academico,Java,1571,2.05091649694501,40.0,9862.0,982,51.8930086911607,0.0051546391752577,7.768953068592058,12.577617328519857,1.0288808664259927,7.472924187725631
echeverriaalex/Proyecto_Integrador-NodeJS-Front,academico,JavaScript,24834,1.818181818181818,7.0,532.0,66,19.28278942796873,0.0,,,,
Glosssaga/NT_SABADOS2_TRUSGO,academico,Python,697,3.75,9.0,449.0,16,0.0,0.0,,,,
MauricioCogo/TCC_Backend_Calouros,academico,Java,369,1.1971830985915493,4.0,415.0,71,17.373485388453314,0.03125,8.12,1.04,1.0,3.92
EduardaMarinsBrandao/TCC-ReStore,academico,JavaScript,1432,2.1923076923076925,18.0,799.0,78,2.168461424988936,0.0,,,,
RodrigoSecundo/Justock,academico,Java,13908,2.628834355828221,72.0,4848.0,652,6.451830605702716,0.0357142857142857,6.514563106796117,63.0873786407767,1.1262135922330097,11.66019417475728
leosimoes/UERJ-TCC-Analisador-Dados,academico,Python,286,2.48936170212766,7.0,390.0,47,0.8233058898036731,0.0,,,,
Minato97/presentacion_tesis_2,academico,JavaScript,25605,1.96031746031746,15.0,962.0,126,0.0,0.0,,,,
GEORG-TH/TESIS,academico,JavaScript,1850,1.827586206896552,17.0,3961.0,435,6.018367568742528,0.0072727272727272,,,,
zerouacuca/sitema-controle-presenca,academico,Java,752,1.79136690647482,9.0,1228.0,139,3.932119205298013,0.048076923076923,6.60655737704918,10.672131147540984,1.0163934426229508,6.950819672131147
UriSuti/Pilchix,academico,JavaScript,4150,2.3836206896551726,21.0,1531.0,232,1.5668459113665865,0.0088495575221238,,,,
stcharlie98/CogniBee,academico,JavaScript,17747,1.7,3.0,109.0,10,0.8353098896565948,0.0,,,,
nicolaseliasx/sigcaps,academico,Java,352,1.2376237623762376,5.0,837.0,101,3.795966785290629,0.1764705882352941,6.512195121951219,1.975609756097561,1.024390243902439,3.292682926829268
WalToledo/Futbolle,academico,JavaScript,1574,2.1186440677966103,14.0,483.0,59,0.0,0.0,,,,
bragabriel/TCC-backend,academico,Java,2548,1.4935064935064934,7.0,1469.0,154,6.794706262104584,0.0106382978723404,6.882978723404255,0.4042553191489361,1.4148936170212767,2.6808510638297878
Arthur2060/Inpark-backend,academico,Java,14068,1.30812324929972,31.0,3790.0,357,12.592304702681696,0.1967213114754098,9.626262626262626,1.0707070707070707,1.2525252525252526,4.878787878787879
DanielFlorido/tesis,academico,Java,1514,1.3888888888888888,4.0,107.0,18,0.0,0.1428571428571428,4.125,0.875,1.0,3.0
RodriguesYuri/Dashboard-TD,academico,Python,1997,1.8,3.0,26.0,5,0.0,0.0,,,,
miguelsanchesprado-max/TeamStudy-,academico,JavaScript,44820,4.545454545454546,26.0,3133.0,66,6.983031885138915,0.0,,,,
Capa1221/AgricultorIoT,academico,Java,252,2.6633663366336635,9.0,1459.0,101,12.862010221465075,0.0,6.342465753424658,5.602739726027397,1.0273972602739727,6.191780821917808
fabrizzio178/PPAI,academico,Java,2303,1.6396396396396395,5.0,1186.0,111,5.231866825208085,0.037037037037037,4.846153846153846,11.115384615384617,1.0384615384615383,6.961538461538462
MartinaMasanes/JemarFrontend,academico,JavaScript,51853,2.3,5.0,69.0,10,7.933212996389892,0.0,,,,
MartinaBoero73/proyecto-planIMRT,academico,Java,6412,3.338235294117647,26.0,1071.0,68,74.88226919285948,0.0681818181818181,7.044444444444444,2.7111111111111112,1.0,5.733333333333333
lorenzo-pachioli/agencia_de_autos,academico,Java,260,1.52,11.0,1103.0,125,4.381956649091974,0.0093457943925233,7.119266055045872,2.0642201834862384,1.256880733944954,2.596330275229358
square0108/redes-pryFinal-2026,academico,Python,1659,3.2888888888888888,22.0,735.0,45,0.0,0.25,,,,
EduHoff/japones_web,academico,JavaScript,1718,2.6206896551724137,11.0,464.0,29,4.933148916551406,0.0,,,,
MatheusMatoso-A/TCC---ETB,academico,Java,21565,2.2748815165876777,13.0,3312.0,211,40.28641783307413,0.0,5.4324324324324325,13.297297297297296,1.6216216216216215,12.891891891891891
redwhizmlfo/proyecto_curso_integrador,academico,JavaScript,10855,3.207584830339321,29.0,3535.0,501,14.005239454861211,0.0065359477124183,,,,
NahuelSalomon/UCES-API,academico,Java,337,1.0945945945945943,8.0,2595.0,370,11.792739809369296,0.24,8.61111111111111,3.873015873015873,1.2857142857142858,4.071428571428571
Nicogamerman/economiacircular,academico,Java,422,1.309664694280079,17.0,4044.0,507,8.648615979692977,0.1884057971014492,8.9125,24.9875,1.0125,10.3375
JulianoShinohara/tcc-estagio-UTFPR,academico,Java,287,3.3559322033898304,26.0,1616.0,118,6.078665077473183,0.1571428571428571,5.6,4.355555555555555,1.0,9.555555555555555
Neffer2/TCF-CRM,academico,JavaScript,62488,3.67216402941832,1685.0,37454.0,4487,16.028136494214298,0.0,,,,
AngelJdev/QUANTIFY,academico,JavaScript,39852,2.5653298835705045,18.0,9207.0,773,7.913213627992634,0.0616113744075829,,,,
JoseVMacR4/Proyecto-de-tesis,academico,JavaScript,7487,6.375838926174497,1755.0,7362.0,596,9.843773699378128,0.0547945205479452,,,,
jadx2/07_joyeria,academico,JavaScript,3827,2.111111111111111,11.0,172.0,18,1.5349706353443673,0.0222222222222222,,,,
rodrigorjsf/tcc-usability-backend,academico,Java,1638,2.45,87.0,2431.0,200,12.069517006077406,0.0,7.693333333333333,1.8533333333333333,1.2,3.74
GEOUNSAM-UNSAM/geounsam-app,academico,JavaScript,9867,3.6282722513089007,28.0,2058.0,191,5.001827151470857,0.0,,,,
Sebastian320CA/san_rafael,academico,Java,548,1.346666666666667,4.0,623.0,75,2.1265423995799426,0.0227272727272727,5.131578947368421,2.6052631578947367,1.0,3.3157894736842106
sepulveda272/PROYECTO_INTEGRADOR_4_SEMESTRE,academico,Java,10208,2.0626304801670146,19.0,10229.0,958,30.241023661132864,0.0,1.7366255144032925,11.530864197530864,1.6584362139917694,8.074074074074074
LautiOlivero/TRABAJO-PR-CTICO-INTEGRADOR-TPI-MSII---GRUPO-6,academico,JavaScript,11467,2.756756756756757,16.0,981.0,74,3.040317250495704,0.0,,,,
thiagoeu/tcc-monitor-ruido,academico,Python,9024,2.2413793103448274,15.0,3700.0,348,2.092943789509653,0.1923076923076923,,,,
Alex2006ye/TCC---App-Para-Doa-o-de-Sangue,academico,Java,364,1.6333333333333333,18.0,1972.0,270,11.630867143993637,0.05,5.153846153846154,12.782051282051285,1.2564102564102564,5.897435897435898
miguelyoos/ProyectoIntegrador-1-Frontend,academico,JavaScript,301,2.1621621621621623,6.0,211.0,37,5.514189013277792,0.0,,,,
DevWCastle/cbpatio_client,academico,JavaScript,42766,1.7142857142857142,5.0,68.0,7,2.730138713745271,0.0,,,,
ottock/CarlaSimulator-TCC,academico,Python,293,3.521212121212121,32.0,4926.0,330,15.138446152884557,0.2575757575757575,,,,
Kyutz/langgraph-correcao-poc,academico,Java,4882,2.2704626334519573,28.0,2641.0,281,60.21911889514698,0.0,3.083333333333333,13.375,1.3333333333333333,12.958333333333334
Valeria323/backendtesis,academico,Java,1050,1.1578947368421053,2.0,315.0,76,19.40567312021612,0.010752688172043,6.978494623655914,1.7096774193548387,1.2580645161290325,2.5591397849462365
JoaoBLeite/Unifal-TCC-CPP,academico,Java,2687,2.421052631578948,17.0,1240.0,114,0.0930184781492176,0.088235294117647,4.9375,2.375,1.09375,8.71875
pabloanania/tfg,academico,JavaScript,56485,3.057557557557557,51.0,17898.0,1998,21.02591036414566,0.0,,,,
apastranb/SoftWars,academico,JavaScript,7844,3.2613168724279835,35.0,6077.0,486,5.49755205568336,0.0,,,,
RyuheiRG/vaca-cubica,academico,JavaScript,2679,1.6929133858267718,7.0,1130.0,127,2.636794485135717,0.0,,,,
KleynerFC/Tesis-Robot-Agricola-JetTank,academico,Python,58461,3.8461538461538463,14.0,475.0,26,8.955223880597014,0.125,,,,
SamuelDelmonte/TCC_Bacharelado_Fisica,academico,Python,15344,3.1609136006614302,335.0,102411.0,9676,20.9432371640302,0.0097493036211699,,,,
0220CBFSNCN01ARCO/grupo_3_BikeWorld,academico,JavaScript,4271,3.065217391304348,16.0,1196.0,92,3.4013605442176877,0.0,,,,
bogdanstancu1119-maker/PSIE-Lab,control,Python,17157,2.869565217391304,16.0,2213.0,230,2.485436893203884,0.0,,,,
dedeadend/KillMyApps,control,Java,5179,2.0281124497991967,32.0,2159.0,249,15.366467442592011,0.0,3.845360824742268,8.144329896907216,1.2061855670103092,5.051546391752577
Apitomy/apitomy-flow,control,Java,306,1.816,20.0,2167.0,250,8.064894754688437,0.1571428571428571,4.58,18.74,1.14,9.18
amitvermaio/LeetcodeSolutions,control,Java,476,4.148325358851674,18.0,2944.0,209,14.650432050274942,0.0,1.1666666666666667,0.4166666666666667,1.0,6.666666666666667
cycodedconcept/autopart-backend,control,JavaScript,754,2.160546541417592,72.0,39792.0,2342,6.901820114255347,0.2608695652173913,,,,
bachlonbizerte/Novatrade,control,Python,29156,4.373737373737374,29.0,1693.0,99,0.4978691201656908,0.0909090909090909,,,,
Avida2C/Funzies-ReactJS,control,JavaScript,40054,3.452054794520548,35.0,1769.0,219,3.152687536916716,0.0,,,,
rukiyesena/java_project,control,Java,33092,1.1149425287356325,8.0,413.0,87,6.210452308413405,0.0508474576271186,5.769230769230769,19.98076923076923,1.1538461538461535,5.519230769230769
ZulbiaBamiyeh/Chess,control,JavaScript,40426,4.092405063291139,76.0,7802.0,790,1.9289060347203089,0.0,,,,
jonlew90/kibo-climb,control,JavaScript,7505,4.073126142595978,117.0,6750.0,547,8.57483454597772,0.1260504201680672,,,,
Sidhu-2312/LeetCode-Solutions,control,Java,1000,4.049295774647887,14.0,1952.0,142,21.41642371234208,0.0,2.0,0.0,1.0,5.5
Mupu695685ky/flashloan-risk-analyzer,control,JavaScript,2481,3.230769230769231,26.0,669.0,39,1.216089803554724,0.0,,,,
Regno1/DSA,control,Java,246,3.4871794871794872,11.0,468.0,39,9.051568698160835,0.0,1.0,0.0,1.0,5.0
a895411690/heartbuddy-miniprogram,control,JavaScript,1234,2.6862745098039214,35.0,2273.0,306,0.6713457430576747,0.0,,,,
antono4/agentku,control,Python,9741,3.1818181818181817,20.0,593.0,33,0.4877255730775484,0.5,,,,
sandipsky/inventory-system-be,control,Java,2565,2.6589147286821704,18.0,3450.0,258,14.817567065467784,0.0051546391752577,8.6,2.646153846153846,1.0615384615384615,4.553846153846154
CreepingCreeper/SlimeWorld,control,Java,26118,2.066009852216749,56.0,7275.0,1015,14.294856876890854,0.0,11.320855614973262,31.181818181818183,1.8128342245989304,10.83422459893048
PanteraStaking/x-updates,control,Python,1145,5.25,21.0,257.0,12,0.0,0.1428571428571428,,,,
guitartarotti/Aquiles,control,Python,16707,6.347236925682829,457.0,106414.0,4723,3.102303613598895,0.189873417721519,,,,
LuoYuMC/GoodEntityMod,control,Java,21563,1.0978260869565215,4.0,482.0,92,4.055390702274975,0.0,6.9,17.75,1.55,5.35
Sebastianlr11/aurem-gs-joyeria,control,JavaScript,6695,3.76,15.0,205.0,25,1.7655846801575443,0.0,,,,
Bhianesse/serfree,control,Python,21342,4.0,6.0,38.0,3,5.052264808362369,0.0,,,,
researchsubmissions66/PGVL-Gym,control,Python,19146,4.233557046979866,187.0,38777.0,2235,16.572815885784685,0.0909090909090909,,,,
haoxuekeji/openblock-vm,control,JavaScript,20223,1.696208645254769,55.0,45226.0,4141,14.479414906730218,0.0,,,,
Namhunk/OJ,control,Python,1675,5.246205733558178,43.0,7579.0,593,4.392320908343915,0.0,,,,
aronhogni/Fantasy,control,JavaScript,28687,2.5191537305958938,242.0,36592.0,7988,13.836617781851512,0.0,,,,
yidoer/fanzha-classroom,control,Java,10144,3.1232876712328768,22.0,1304.0,146,54.57418405710238,0.0,5.565217391304348,26.39130434782609,1.173913043478261,17.782608695652176
jfglzs/Antideath-survival-assistant,control,Java,877,2.8755020080321283,23.0,2219.0,249,3.576837935453804,0.0,7.281553398058253,3.728155339805826,1.058252427184466,6.650485436893204
t-eliscovich/intela-maquinas,control,Python,529,5.741258741258742,29.0,2178.0,143,0.9526439320723458,0.1111111111111111,,,,
AutoEver-CodingTest/Daily_Code,control,Java,839,5.125,19.0,7358.0,408,9.186553759302027,0.0,1.1428571428571428,0.1428571428571428,1.0,3.2857142857142856
nkyang10/hermes-stock-audit-log,control,Python,18867,7.038461538461538,37.0,592.0,26,73.34049969054367,0.0,,,,
kontronjavadev/QDW3,control,Java,4492,1.359867896594921,52.0,47677.0,8781,54.95971930640206,0.0,,,,
PSCRedefine/SinglePrediction,control,Python,4638,3.0105263157894737,25.0,1475.0,95,0.0838222967309304,0.2352941176470588,,,,
InseeFr/ARC,control,Java,6071,1.7051219512195122,46.0,32026.0,4100,9.42344827586207,0.1543026706231454,5.154518950437318,44.12827988338192,1.4912536443148687,9.908163265306122
mayankxrawat/leetcode-practice,control,Java,440,4.307692307692308,16.0,2065.0,143,18.752232408620078,0.0,0.0,0.0,1.0,4.0
anggapraditya100111-a11y/kas-kecil-linux,control,JavaScript,502,2.251748251748252,13.0,2709.0,286,0.6772908366533864,0.4545454545454545,,,,
Haseeb-Ali-404/QuizArcade,control,JavaScript,19341,,,0.0,0,20.317713166404037,0.0046463603510583,,,,
matthewlabenznws/weather-graphics-builder-lbf,control,Python,53786,3.495867768595041,28.0,15018.0,363,4.9807197943444725,0.0,,,,
ankitparida-dev/LeetCodeSolutions,control,Java,1682,3.795744680851064,15.0,3117.0,235,20.71331684353307,0.0,0.0,0.0,1.0,6.0
satoshi2024/ses-manager-pro,control,Java,50709,,,0.0,0,21.9723995493804,0.2374866879659212,,,,
shikhar004dot-com/Leetcode-DSA,control,Java,553,3.912195121951219,17.0,2772.0,205,20.3998584571833,0.0,0.0,0.0,1.0,2.0
Artemx585ex/Vacancy-Review,control,Python,778,6.309859154929577,36.0,1109.0,71,22.532287822878228,0.0,,,,
agp-id/UwuHPif,control,Java,274,6.2,56.0,892.0,45,15.460157126823791,0.0,8.333333333333334,122.66666666666669,1.6666666666666667,69.66666666666667
SzJS/ConstitutionalDebate,control,Python,874,2.524203069657615,45.0,10250.0,847,2.156502878117961,0.4651162790697674,,,,
vscafuto87/wego,control,JavaScript,786,1.3900709219858156,13.0,2087.0,423,10.01118568232662,0.1269841269841269,,,,
GonzaloGauna/sky_demo,control,Python,30764,2.329639889196676,19.0,9055.0,722,18.32747593372771,0.05625,,,,
owenoffbeat/ygosu-mstz,control,JavaScript,7548,1.895397489539749,16.0,2471.0,239,17.057117358322177,0.0,,,,
Varun0054/neetcode-submissions,control,Java,209,4.033898305084746,15.0,1605.0,118,54.13499543934327,0.0,2.75,0.0,1.0,8.25
Mateusmith/assistente-conhecimento,control,Java,283,1.9627329192546583,33.0,5891.0,483,3.123290668417022,0.1526717557251908,7.757352941176471,6.867647058823529,1.1397058823529411,8.904411764705882
cryals/git-net,control,Python,1106,5.5,8.0,63.0,4,0.0,1.0,,,,
Apicurio/apicurio-registry,control,Java,73577,,,0.0,0,33.85063924023151,0.1798384264137688,,,,
elevationchic-ux/globaltracking,control,JavaScript,261,2.247058823529412,14.0,1076.0,170,4.959444933059709,0.0,,,,
ankurtrapasiya/outis-mneme,control,Python,308,2.3859649122807016,38.0,3197.0,342,4.113232639878408,0.3571428571428571,,,,
AmandaT28/fitness-coach-app,control,Python,2116,6.483870967741935,20.0,428.0,31,0.2846299810246679,0.0,,,,
JDev000/tsunami-script,control,Java,27194,3.0,3.0,20.0,1,0.0,0.0,0.0,0.0,1.0,3.0
tbrook2008/Trader-Bot,control,Python,49055,9.891304347826088,99.0,3314.0,92,3.917712902737861,0.0625,,,,
rees3901/BluepawsV4,control,Python,3154,3.1058823529411765,30.0,7037.0,425,4.797619940498513,0.2660550458715596,,,,
badgerkernelu3gj1/defi-position-manager,control,JavaScript,1604,3.230769230769231,26.0,669.0,39,1.216089803554724,0.0,,,,
ErhickDiaz/COPIA-DASHBOARD_STREAMLIT_LOGISTIC,control,Python,76077,4.216216216216216,22.0,1173.0,37,21.48701709943002,0.0,,,,
AndriiSolodovnyk/feed,control,JavaScript,25333,2.3684210526315788,10.0,504.0,19,26.17504051863857,0.0,,,,
patil-piyush/OceanGuard,control,JavaScript,39109,3.0821917808219177,17.0,942.0,73,5.753901425844841,0.0,,,,
phanomphunkasem02/action_pk,control,Python,31477,6.514285714285714,38.0,930.0,35,0.4963898916967509,0.25,,,,
septaryanhidayat/smartfeed,control,JavaScript,22404,2.8319526627218936,35.0,4405.0,845,5.784021833519415,0.0,,,,
IDAS-Durham/MAY,control,Python,67082,3.0350039777247413,73.0,30579.0,2514,2.9827057793345007,0.4069767441860465,,,,
sortizb/bts-radar,control,JavaScript,49992,3.0,11.0,203.0,16,0.0,0.0,,,,
fapoxteyi214176/dex-liquidity-analyzer,control,JavaScript,2468,3.230769230769231,26.0,669.0,39,1.216089803554724,0.0,,,,
zahrafiiieq-commits/WavePilot,control,Java,423,2.360897435897436,35.0,14717.0,1560,7.588763724511621,0.3282674772036474,7.662756598240469,14.67448680351906,1.2316715542521994,10.284457478005866
edward-zyz/blueprint2real,control,JavaScript,617,2.754950495049505,89.0,5031.0,404,8.450815464202503,0.0,,,,
snehagulagond/Data-Structures-and-Algorithms,control,Java,148,3.408450704225352,14.0,875.0,71,2.482979575490589,0.0,0.4727272727272727,0.3272727272727272,1.0,4.4
murathany90/SCADA_YTBS_TPYS_Haritalar_ve_Otomasyon_v1,control,JavaScript,19260,3.967933798810448,1722.0,37228.0,3867,10.9391698742734,0.4246575342465753,,,,
nzymeorg/nzyme,control,Java,95461,1.9772509578544064,82.0,50370.0,4176,27.2283729230556,0.0100849256900212,6.065252854812398,26.02827623708537,1.0674279499728112,7.773246329526917
crow1126/athletehub,control,JavaScript,34674,4.345945945945946,57.0,6429.0,370,4.527571613891075,0.0336134453781512,,,,
WayZ-Minecraft/Photon,control,Java,6638,2.5907534246575343,29.0,3891.0,584,5.803777061262092,0.063063063063063,5.166666666666667,13.38888888888889,1.3888888888888888,11.428571428571429
pritthraj/-,control,Java,3291,1.318181818181818,3.0,152.0,22,4.44620881302104,0.3333333333333333,4.5,2.25,1.5,3.875
NAR-GG/nar-back-repo,control,Java,18516,2.1020334059549746,27.0,31250.0,2754,8.967740481074866,0.2309985096870342,9.145569620253164,61.140822784810126,1.0316455696202531,10.718354430379748
dandyraka/JKT48IDNHistory,control,JavaScript,82887,2.5,4.0,82.0,6,0.3166378814047207,0.0,,,,
saisrigandla/JAVA_BACKEND_DEVELOPER_BOOTCAMP_2026,control,Java,212,3.069767441860465,12.0,590.0,43,1.7490494296577948,0.0,0.1627906976744186,0.0,1.0,3.069767441860465
kazuki-matsui/When-Nightmares-Awaken,control,Java,311,2.9285714285714284,33.0,446.0,42,8.11213838353713,0.0,6.6,1.45,1.05,6.1
tannere7/tannere7,control,JavaScript,2635,2.0,6.0,1484.0,25,11.010777745412176,0.0,,,,
rogeriodesaf/hq-hub,control,Java,3641,2.637542662116041,31.0,16134.0,1465,18.376522785787152,0.0021598272138228,9.485714285714286,35.55102040816327,1.0612244897959184,10.906122448979591
halnovemil/H3TiledLoopSpaceTime,control,Python,20119,4.2727272727272725,26.0,292.0,11,1.898148148148148,0.0,,,,
Adhithya2403/SOLUTION,control,Java,401,3.339622641509434,6.0,679.0,53,14.188919888401754,0.0,1.0,0.0,1.0,5.0
diogo-speck/Algoritimos-e-Programacao,control,Java,4275,12.636363636363637,54.0,1871.0,33,1.8259385665529009,0.0,0.6,6.066666666666666,1.0,28.6
m-annabi/howners,control,Java,1969,2.3652924256951104,61.0,13461.0,1043,7.693108654530309,0.0435413642960812,11.937694704049845,6.91588785046729,1.1838006230529594,9.651090342679128
lflachot-dotcom/retards-trains,control,Python,11800,5.190476190476191,19.0,377.0,21,0.0773806645064564,0.0,,,,
MemoriesOfTime/MemoriesOfTime-GameCore,control,Java,1970,2.0039292730844798,25.0,3631.0,509,2.2120343839541547,0.0,4.680412371134021,21.061855670103093,1.381443298969072,11.783505154639176
bibifu39486a/flashloan-copy-bot,control,JavaScript,2022,3.230769230769231,26.0,669.0,39,1.216089803554724,0.0,,,,
gzt2003/document-temperature,control,Python,384,4.333333333333333,17.0,755.0,42,5.348849345092105,0.3333333333333333,,,,
arminjafari1383/finalproject,control,JavaScript,2974,6.228813559322034,41.0,5089.0,118,1.2551474221709769,0.037037037037037,,,,
feitianchengzi/arckit,control,JavaScript,4992,2.834825295986139,139.0,29310.0,3463,7.378163779577476,0.0163934426229508,,,,
Atharva-001-cyber/LeetCode_Problem,control,Java,238,3.2115384615384617,12.0,585.0,52,16.88609044075558,0.0,1.2,0.0,1.0,6.2
openimis/claims_android_app_java,control,Java,12312,1.8892825509300264,33.0,10738.0,1129,12.184069690222271,0.1063829787234042,6.42152466367713,16.327354260089685,1.506726457399103,9.582959641255606
aarifansari-star/Aarif-Resell-Product,control,Java,1062,1.5,2.0,26.0,2,0.0,0.0,4.0,0.0,1.5,1.5
shreyx404/BatchHub,control,JavaScript,2230,,,0.0,0,81.77181546357502,0.050179211469534,,,,
richardmhuse/do-not-hit-the-bridge,control,Python,180543,4.4324324324324325,28.0,1992.0,111,6.211518977476424,0.0,,,,
Arandjeloviicc/OOP-Project,control,Java,10894,1.933139534883721,16.0,3116.0,344,4.894050891036439,0.0095238095238095,5.556818181818182,22.352272727272727,1.2840909090909092,8.5
Sophieiz/PuppiesDates,control,Java,8363,2.2060027285129604,31.0,7346.0,733,13.90547377056652,0.0068493150684931,3.0145985401459856,25.708029197080293,1.218978102189781,9.299270072992702
andreaordonselli/ol-mapbox-3d-provider,control,JavaScript,11048,,,0.0,0,6.457242992298508,0.0020263424518743,,,,
anjali-bhokare/Leetcode,control,Java,405,3.68141592920354,12.0,1310.0,113,14.967353088900053,0.0,1.3333333333333333,0.3333333333333333,1.0,6.0
chun9930/Hackathon_gaebal-saebal-BE,control,Java,10062,1.440771349862259,8.0,4433.0,363,20.528889619462483,0.2458100558659217,9.35820895522388,5.388059701492537,1.2537313432835822,5.626865671641791
onyxravenma4073/flashloan-signal-generator,control,JavaScript,1794,3.230769230769231,26.0,669.0,39,1.216089803554724,0.0,,,,
andrestubbe/FastAIAgent,control,Java,363,1.891509433962264,23.0,2035.0,212,9.219716623428456,0.0,4.113207547169812,1.8962264150943395,1.0,3.933962264150944
Charbel12323/Hunter,control,Python,47202,2.9194630872483223,13.0,1590.0,149,2.5091799265605874,0.2962962962962963,,,,
dilshanlahiru/POS,control,Java,648,1.28548644338118,17.0,3142.0,627,8.092094798791157,0.0466101694915254,10.337962962962964,55.476851851851855,1.0601851851851851,11.967592592592592
iboyprime68-web/iboyprime-mma-bot,control,Python,19540,4.701428571428571,58.0,7137.0,700,1.4064101204989576,0.064516129032258,,,,
nori688/nori688,control,Python,113292,5.0,5.0,12.0,1,0.0,0.0,,,,
Chun-taro/AI-Powered-Yellow-Box-Zone-Violation-Monitoring-System,control,JavaScript,77051,4.554765291607397,767.0,2640.0,703,2.000325256139209,0.0333333333333333,,,,
KamleshJayasankar/LeetCode,control,Python,1457,3.966019417475728,19.0,2036.0,206,15.47838557672608,0.0,,,,
dino213dz/3D-Viewer,control,JavaScript,2807,2.984848484848485,35.0,2158.0,264,1.0065003145313485,0.0,,,,
kikslabstudio/jaz-entertainment,control,Python,139034,2.270081490104773,46.0,53340.0,4295,17.19696789677542,0.0023041474654377,,,,
crane0927/saas-forge,control,Java,4038,1.6513157894736843,18.0,8529.0,1064,12.825918118273606,0.1313131313131313,5.54679802955665,27.704433497536947,1.3152709359605912,9.334975369458128
gldnpz17/gldnpz17,control,JavaScript,17139,1.4615384615384617,3.0,115.0,13,0.0,0.0,,,,
AxelXoket/Elysium,control,Python,57856,2.185288270377733,49.0,44836.0,5030,3.385881719425686,0.503690036900369,,,,
Berrowj/super-gsd,control,JavaScript,19813,5.01048296518158,594.0,92345.0,5342,,0.054054054054054,,,,
elastic/elasticsearch-java,control,Java,57832,,,0.0,0,,0.0267504070714119,,,,
Senzo13/Senzo13,control,JavaScript,8848,4.083333333333333,17.0,228.0,12,36.271988478551584,0.0,,,,
mijiaco/moneyball-discord-trade,control,Python,43706,4.830508474576271,77.0,7260.0,354,3.265679841294064,0.32,,,,
darkfishboter/spendible.lc,control,Java,1008,2.5982905982905984,40.0,1210.0,117,3.316885964912281,0.0526315789473684,1.7419354838709675,28.451612903225808,1.064516129032258,9.935483870967742
napo/evcharginglogtrento,control,Python,6228,3.069230769230769,21.0,2792.0,260,21.838918393883848,0.0,,,,
tsusarmy-commits/tlevents,control,Python,59268,5.466666666666667,48.0,243.0,15,0.5607476635514018,0.0,,,,
xjpzt666-lang/AI-,control,Java,5004,7.64638783269962,84.0,5602.0,263,2.751711894496576,0.0,4.696969696969697,246.2121212121212,1.0909090909090908,60.36363636363637
ywolper/courtDocketScraper,control,JavaScript,833,3.163265306122449,18.0,580.0,49,0.0,0.0,,,,
Argus-AiTeam/Hilbert16-Dual-Argus-Observatory,control,Python,941,5.782608695652174,29.0,396.0,23,0.0,0.0,,,,
CaioAlexanderx/Aura-backend,control,JavaScript,7005,3.212076310427857,152.0,140201.0,10798,4.762481165033955,0.2733812949640288,,,,
Khurram-Devs/Khurram-Devs,control,JavaScript,2656,3.555555555555556,17.0,211.0,18,0.0,0.0,,,,
CloudWaddie/ModelWatcher,control,JavaScript,22040,4.236686390532545,110.0,4850.0,338,8.164182458242829,0.0,,,,
Detector-byte/pattern-detector-bot,control,JavaScript,24917,4.4487804878048784,55.0,20775.0,615,14.055586005908854,0.0,,,,
antonyanbu25/lionpath_V2,control,JavaScript,77227,3.618235091347811,133.0,57912.0,5802,25.79299881371906,0.0106194690265486,,,,
FilippoSapienza/droppmoney,control,JavaScript,8044,10.666666666666666,18.0,179.0,3,0.1682894578675321,0.0,,,,
Moon-Knight13/foundryvtt-docker,control,JavaScript,5314,2.1943048576214403,26.0,6024.0,597,12.69780631510895,0.0,,,,
HLGZJY/lingxi,control,JavaScript,278,3.4761904761904763,36.0,647.0,84,0.0,0.0,,,,
Nishu2720/nishu-portfolio,control,JavaScript,5106,,,0.0,0,0.0,0.0,,,,
bapack2g4m3r/senapati,control,JavaScript,3560,1.0,1.0,3.0,1,1.194921583271098,0.0,,,,
jeap-admin-ch/jeap-messaging-outbox,control,Java,685,1.23828125,5.0,2224.0,256,6.1384278108362045,0.0579710144927536,9.4,9.08,1.1466666666666667,5.44
manuprince123/Personal-Finance-Tracker,control,Python,34614,,,0.0,0,9.383848680484766,0.3910529519172246,,,,
tuananh-din/mot-goc-nho-cua-haanzz,control,JavaScript,9118,1.6153846153846154,7.0,205.0,26,0.0,0.0,,,,
iwtbotiwtwot/free-mersenne-prime-exponent-repo,control,Python,740,4.28,17.0,308.0,25,0.0,0.1,,,,
mertkan-iscan/xenopsbase-stemcell,control,Java,626,1.6629213483146068,15.0,2092.0,267,14.811974929990663,0.1052631578947368,5.97196261682243,9.719626168224298,1.280373831775701,5.439252336448599
ERDSGFC/JForge,control,Java,907,2.05672268907563,21.0,4588.0,476,7.740980075390415,0.1666666666666666,5.352380952380952,17.266666666666666,1.0571428571428572,10.561904761904762
thesahilsinh/ct-keno,control,Python,24162,4.7631578947368425,49.0,1150.0,76,7.17219589257504,0.2777777777777778,,,,
Lucky0000123/wbn-fms-simulator,control,Python,4469,5.782490483958673,240.0,27322.0,1839,3.167914186361761,0.2573529411764705,,,,
Jason-Vaughan/project-assets,control,JavaScript,43490,3.4444444444444446,100.0,1681.0,144,14.37759614096208,0.0,,,,
Dante3750/GameEngine-Utils,control,Java,7350,1.966153846153846,28.0,2714.0,325,9.752208047105004,0.0425531914893617,5.243243243243243,17.77027027027027,1.5945945945945943,8.837837837837839
Anchal0610/leetcode_questions,control,Java,558,4.213235294117647,14.0,2013.0,136,13.891156462585034,0.0,1.4,4.2,1.0,10.6
Srcasee/tgStorage,control,Python,221,3.469135802469136,14.0,2061.0,81,1.064891846921797,0.0,,,,
JoskoIka/kp-oglasi,control,Python,3099,6.928571428571429,30.0,251.0,14,0.0,0.0,,,,
JusteLoneWolf/JusteLoneWolf,control,JavaScript,9140,1.4,2.0,26.0,5,1.0443864229765014,0.0,,,,
mellowro771298/strategy-visual-builder,control,JavaScript,2474,3.230769230769231,26.0,669.0,39,1.216089803554724,0.0,,,,
akasimov-lang/generator,control,Python,1663,4.5532407407407405,42.0,7838.0,432,1.7514959994621124,0.2413793103448276,,,,
mertoege/invest-pi,control,Python,24824,6.312247644683715,98.0,16629.0,743,2.46588017580384,0.1308411214953271,,,,
Swiftal13/scrims-tracker,control,JavaScript,476,3.341463414634146,21.0,445.0,41,1.7391304347826086,0.0,,,,
Pruvo138/pruvo,control,Python,55087,5.5207521434138735,324.0,162346.0,10264,4.338837218374023,0.3024475524475524,,,,
akajdid-mostafa/nova-shop,control,JavaScript,2693,1.313664596273292,6.0,4249.0,322,8.453697679462156,0.0,,,,
lakesidebore/gicmox,control,Python,54096,,,0.0,0,0.0,0.0,,,,
zhangsen-hit/evdepth_v2,control,Python,4984,3.3807763401109057,29.0,8534.0,541,1.9569749810462471,0.05,,,,
siddharthpandey-10/leetcode-solutions,control,Java,638,4.271428571428571,18.0,2094.0,140,16.408893185113584,0.0,0.9,3.1,1.0,6.0
elpabl0/Claude-wrong,control,JavaScript,469,2.2554744525547443,138.0,3834.0,685,1.469827904571977,0.1702127659574468,,,,
Pavan3030-pr/Astrolive,control,Java,156,1.653061224489796,25.0,1642.0,147,1.6092492774002032,0.0333333333333333,7.633333333333334,3.433333333333333,1.011111111111111,2.922222222222222
QuanTaLPha06/KickOff-C31,control,JavaScript,32531,3.0,12.0,583.0,53,0.8687196110210698,0.0,,,,
Aryan-Shah26/Chat-Engine,control,Python,931,3.1192660550458715,16.0,1170.0,109,0.6062355658198615,0.0454545454545454,,,,
terracotta-education/terracotta,control,Java,25031,1.2933573790201385,36.0,54658.0,6654,9.429289012858648,0.2209026128266033,,,,
chronick/10x402,control,JavaScript,754,2.002454991816694,66.0,8667.0,1222,20.368432448036952,0.0,,,,
tonmoy1a/NodeJs-Local-Media-Streamer-and-Manager,control,JavaScript,942,3.420143884892086,37.0,4494.0,695,3.208328906830978,0.0,,,,
AsmineRazafiarivelo1402/hei_diploma,control,Java,3404,1.1907600596125187,7.0,5854.0,671,6.618962432915922,0.099502487562189,7.979899497487437,7.472361809045226,1.2311557788944725,4.190954773869347
Andy-gyz/SkiBooking,control,Java,2961,1.6589147286821706,11.0,2704.0,258,10.650967199327166,0.0508474576271186,8.033333333333333,31.88888888888889,1.8333333333333333,7.988888888888889
Alatheesh/AUTOFILTER,control,Python,1868,8.046511627906977,85.0,6849.0,258,7.729157070474437,0.0,,,,
Aaruu1709/ems-springboot-app,control,Java,9617,1.137931034482759,6.0,715.0,116,0.5067567567567568,0.0638297872340425,5.606060606060606,11.242424242424242,1.2121212121212122,5.03030303030303
ntclark/Music-Explorer,control,Java,38002,2.026666666666667,18.0,1333.0,150,1.228437009932044,0.0,5.5625,9.791666666666666,1.4166666666666667,6.354166666666667
evanbones/Manual-Labour,control,Java,5758,2.1101152368758003,29.0,5910.0,781,8.232103508672807,0.0,9.46808510638298,25.20567375886525,1.3049645390070923,11.680851063829786
mahnoorimranawan22/ShopPilot-AI,control,JavaScript,4127,2.528756957328386,44.0,5413.0,539,1.6541669587159178,0.0201342281879194,,,,
andagoya2025-design/aurosanaxprueba,control,JavaScript,2983,4.781209781209781,53.0,35667.0,777,2.7375568646922264,0.0,,,,
artis-mcrt/artisatomic,control,Python,4619,5.72189349112426,133.0,4557.0,169,1.0374954495813615,0.0454545454545454,,,,
criew/opaa,control,Java,9626,1.5882845188284518,31.0,30039.0,2390,5.148028520406619,0.3891129032258064,8.983783783783784,21.583783783783783,1.218918918918919,11.616216216216216
ChodagamGnanaVenkataSindhusha/ChodagamGnanaVenkataSindhusha_Enterprise-Learning-Platform,control,Java,8828,1.0,1.0,80.0,18,0.0,0.1428571428571428,1.2,0.2,1.2666666666666666,1.2666666666666666
Team53FR/EditeurSite,control,JavaScript,735,3.2423963133640554,275.0,11109.0,1085,9.33938169481188,0.0,,,,
yehia0/Wexa-AI-Take-Home-Assignmen,control,JavaScript,474,2.25,10.0,286.0,20,0.2987197724039829,0.0,,,,
asbapatms/maf-outcome-economics,control,Python,807,2.92191435768262,22.0,7352.0,397,3.672410351939325,0.2962962962962963,,,,
ashimarawat78/Python,control,Python,110,,,0.0,0,0.0,0.0,,,,
NanoMindExplorer/nanomind,control,JavaScript,35042,3.9661654135338336,49.0,5070.0,532,3.295348402764805,0.0,,,,
joelucadooley/metro-liga,control,Python,17683,5.871794871794871,18.0,545.0,39,6.468155500413565,0.0,,,,
Hoangg-Thien/ecommerce-platform,control,Java,5407,1.556521739130435,11.0,3793.0,345,5.772417602651445,0.1467391304347826,9.489051094890511,1.8686131386861315,1.145985401459854,3.948905109489051
VivekSai07/ContactPilot,control,Python,61055,4.5646258503401365,118.0,2512.0,147,9.70882565710152,0.1470588235294117,,,,
jeffreycoen/coldsnap,control,JavaScript,25770,4.183574879227053,212.0,10732.0,1449,12.150732517746563,0.0,,,,
VIRIDIALLC/sdr-team,control,Python,881,4.333333333333333,10.0,70.0,6,2.6524313954458254,0.0,,,,
Yud/JLPT-N5,control,JavaScript,493,1.522222222222222,9.0,822.0,180,3.2062391681109186,0.3548387096774194,,,,
pacotehome-blip/lcr-android-harness-v2,control,Java,6080,6.064363143631437,250.0,26244.0,1476,3.4487146856706543,0.0,4.863157894736842,142.47368421052633,1.1631578947368422,47.52105263157895
Swapnil05-03/LeetCode-Solutions,control,Java,813,3.6666666666666665,14.0,2578.0,243,16.13394216133942,0.0,0.9230769230769232,0.3076923076923077,1.0,5.384615384615385
cushplayerprops/cush-data,control,Python,7038,6.316546762589928,93.0,4068.0,278,5.94609613781606,0.24,,,,
TalPlay/Telepromp,control,JavaScript,86782,2.6639118457300275,38.0,2865.0,363,0.4650179666032551,0.0,,,,
lebianchii-ops/funcionaria-lb,control,Python,3418,7.681818181818182,30.0,466.0,22,37.29923922231615,0.0,,,,
rajeshmaity2005/backend_practice_days,control,JavaScript,253,2.6294642857142856,27.0,640.0,224,66.01256695508859,0.0,,,,
cyberh4ck3r/free-proxy-list,control,JavaScript,65195,3.25,13.0,166.0,16,5.846713117237201,0.0,,,,
virtual-context/virtual-context,control,Python,10523,3.3078047354574687,334.0,182871.0,10263,7.383744439951475,0.6332703213610587,,,,
MichengAI/dsh-automation,control,JavaScript,3032,2.2478894858019958,313.0,8170.0,1303,4.937873564643734,0.1866666666666666,,,,
tomo3104/amacari-app,control,JavaScript,585,2.7057010785824347,35.0,6556.0,649,6.455399061032864,0.0,,,,
jihu1130/webproject,control,Java,934,2.448559670781893,26.0,6991.0,729,9.356990515950448,0.006578947368421,7.727272727272727,5.314685314685315,1.006993006993007,7.594405594405594
Souvagya06/Leetcode_daily,control,Java,850,4.56687898089172,18.0,4157.0,314,20.572588164317445,0.0,1.5,0.75,1.0,5.5
Lmcysdz/tacz_rpg,control,Java,914,2.692660550458716,22.0,1904.0,218,1.17011701170117,0.0222222222222222,7.604166666666667,13.416666666666666,1.125,11.9375
parserpp/ip_ports,control,JavaScript,191019,2.0,2.0,7.0,1,0.0,0.0,,,,
tufeeq/ai,control,JavaScript,98259,4.1796875,59.0,1369.0,256,19.094283593170008,0.0,,,,
YAPP-Github/28th-Web-Team-2-BE-2,control,Java,1266,1.4065040650406504,22.0,16600.0,1722,9.718604050787391,0.2551834130781499,7.708074534161491,7.811594202898551,1.0331262939958592,5.527950310559007
thirupalamalai2005-sketch/LEETCODE-PROBLEM,control,Java,342,4.383177570093458,16.0,1519.0,107,17.797416723317472,0.0,0.0,0.0,1.0,2.0
tarassov12346/Raging-Horse-Tetris-4.2,control,Java,20402,2.4214876033057853,17.0,1342.0,121,1.7869415807560136,0.0232558139534883,6.702702702702703,34.32432432432432,1.0,9.27027027027027
jenkinsci/tics-plugin,control,Java,579,2.0552486187845305,10.0,2461.0,181,7.18280321565886,0.1428571428571428,5.175438596491228,8.456140350877194,1.5087719298245614,6.491228070175438
ryancinsight/atlas,control,Python,19095,3.561855670103093,38.0,8068.0,582,1.79591591711773,0.4,,,,
tomf02391-crypto/PC28-data-source-interface,control,Python,34833,4.5,24.0,931.0,56,5.256094833370611,0.0,,,,
guscsales/hele-skills,control,JavaScript,350,2.778350515463917,33.0,1743.0,194,38.41585227579504,0.25,,,,
Mykaell-Max/mflab-knowledge-rag,control,Python,2059,4.816901408450704,246.0,23350.0,781,4.1467650890143295,0.4411764705882353,,,,
ArslaanK/FHRL_forecast_monitor,control,Python,21296,5.290322580645161,23.0,559.0,31,4.21505376344086,0.0,,,,
rajatsurana19/DSA-Learn,control,Java,283,4.336538461538462,17.0,1485.0,104,16.97136385698107,0.0,0.5,1.5,1.0,7.5
guesswhozayn/homivio,control,JavaScript,291961,1.7142857142857142,7.0,163.0,21,1.7479830964271994,0.0,,,,
snakamurako-coder/grammarquiz,control,JavaScript,810,4.24,17.0,714.0,50,0.1328315253486827,0.0,,,,
rithikraj3744-cell/Teamsync-v11-02-04-26,control,JavaScript,1874,2.891385767790262,31.0,2258.0,267,0.4853675945753033,0.0,,,,
dhlee090512-arch/auto-trade,control,Python,1337,8.194444444444445,29.0,897.0,36,2.444499875280618,0.0,,,,
priyanshub001/Dsa-Practice,control,Java,824,3.640740740740741,24.0,3493.0,270,16.262359920896508,0.0,1.4285714285714286,0.7142857142857143,1.0,6.5
MichengAI/dsh-agency-agents,control,JavaScript,6181,2.158805031446541,34.0,5165.0,636,0.8355063594273855,0.1111111111111111,,,,
GHDaru/clashclaevaluation,control,JavaScript,841,4.249514563106796,96.0,10560.0,1030,42.4525019138423,0.0789473684210526,,,,
guechanlee/java_,control,Java,61823,1.6219512195121952,12.0,832.0,82,0.8328375966686495,0.0,0.7777777777777778,2.022222222222222,1.022222222222222,3.577777777777778
ezzawa/BOT_AP2T,control,JavaScript,9896,3.4828807556080283,150.0,7302.0,847,11.673670185507842,0.0,,,,
PistachioPony/learnMCP,control,Python,208,3.5625,10.0,340.0,16,0.5129666571672842,0.0,,,,
Bhavyansh19/Leetcode-DSA,control,Java,859,3.8424242424242414,11.0,2196.0,165,21.19654982565608,0.0,1.0,0.0,1.0,6.0
coderrr-01/7-step-dashboard-design,control,JavaScript,45407,2.458333333333333,18.0,370.0,48,10.509811374542693,0.0,,,,
Sounak-107/esp-32-projects,control,Python,994,1.8125,5.0,141.0,16,0.0,0.1111111111111111,,,,
burgosfacundo/inventory-api,control,Java,324,1.100263852242744,11.0,11594.0,758,10.408278812279818,0.1534391534391534,8.819875776397515,6.819875776397516,2.732919254658385,5.701863354037267
bm-ok/onlykey-workspace,control,JavaScript,12792,3.1416114405301707,278.0,43570.0,5734,19.56392146698633,0.0470588235294117,,,,
miriwutz/finas-lous-lernwelt,control,JavaScript,1725,1.2,2.0,1606.0,5,1.382653977374753,0.0,,,,
SA-C-H/Liquidity_Alerts,control,Python,244,5.090909090909091,10.0,150.0,11,0.0,0.0,,,,
Amit-R-Ingale/Chaitanya-Education,control,JavaScript,18593,4.416666666666667,27.0,200.0,12,0.5632132799762857,0.0,,,,
fxr-lmao/Minecraft,control,JavaScript,1610,3.989335520918786,443.0,7576.0,1219,0.9718303551435352,0.0,,,,
FriedrichFroebel/oc_car-gui,control,Java,542,1.8106060606060608,23.0,1387.0,132,1.5733165512901195,0.0,2.395348837209302,15.046511627906977,1.3488372093023255,5.5813953488372094
sptvhelpdesk-ship-it/Universal-auto,control,JavaScript,21071,2.8666666666666667,8.0,204.0,15,0.0,0.0,,,,
noblequartzhuq4734/dex-pool-optimizer,control,JavaScript,2449,3.230769230769231,26.0,669.0,39,1.216089803554724,0.0,,,,
xyy682/FinalWeek,control,Java,432,2.691813804173355,43.0,5823.0,623,6.666897076104237,0.1947565543071161,8.874439461883409,17.47085201793722,1.0986547085201794,9.946188340807176
NarimanGurbanov92/timestamp-updateter,control,JavaScript,2126,1.0,1.0,2.0,2,0.0,0.0,,,,
sreevyasa-09/LeetCode,control,Java,1408,5.140350877192983,103.0,4534.0,285,21.47499597142397,0.0,1.125,0.625,1.0,6.625
SDCG69/SDCG-V10,control,JavaScript,66302,2.6767295597484275,34.0,4498.0,795,2.679033852817929,0.0,,,,
Shlok-Dwivedi/LeetCode,control,Java,1526,4.927461139896373,18.0,3001.0,193,17.296631059983568,0.0,1.5,0.0,1.0,7.0
coinbase/cdp-sdk,control,Java,10566,,,0.0,0,45.98283642820152,0.2684248554913295,5.581342434584755,54.79522184300341,1.215585893060296,16.667804323094426
Wyze3306/BedrockOnLinux,control,Python,2361,2.849686847599165,93.0,24185.0,1916,3.329316059053932,0.4743589743589743,,,,
anubhavmaurya22/leetcode-,control,Java,144,6.27027027027027,16.0,679.0,37,5.1729818780889625,0.0,0.0,0.3333333333333333,1.0,2.6666666666666665
907739769/OSR,control,Java,20457,2.0225136071251857,35.0,36932.0,4042,7.258011349517468,0.1644204851752021,,,,
mini-mammoth/iron-oak,control,Java,8360,1.6666666666666667,7.0,655.0,114,6.866822192920175,0.0,8.636363636363637,22.363636363636363,1.5,8.5
potty520/finance,control,Java,1823,2.8059701492537314,29.0,2801.0,335,10.163516744324031,0.0,6.729591836734694,10.841836734693878,1.0357142857142858,8.08673469387755
kemaMaT/Business_Sante-,control,JavaScript,30526,3.108733371891266,214.0,18022.0,1729,1.6646164315439578,0.0076335877862595,,,,
01harshu/leetcode,control,Java,285,5.090225563909774,18.0,2153.0,133,14.547016940829854,0.0,1.6,0.6,1.0,4.4
emiltsoi/devin-orchestrator,control,Python,1155,2.719674556213018,35.0,24622.0,1352,18.381044683282465,0.365079365079365,,,,
518Jerry/econ-market-watch,control,JavaScript,8598,6.244897959183674,38.0,903.0,49,32.28315397685897,0.0,,,,
toufik-airane/x-pimp,control,JavaScript,1598,2.677685950413223,18.0,1262.0,121,0.4003002251688766,0.0,,,,
shrikant1605/DSA-Leetcode-Solutions,control,Java,415,4.242105263157895,12.0,1190.0,95,14.556496135443505,0.0,1.75,0.0,1.0,5.5
merge-demo/mergequeue-nx,control,Python,59734,7.823529411764706,48.0,933.0,34,31.342871541509695,0.0,,,,
shivareddy24/striverdatasheet,control,Java,230,3.5,11.0,1817.0,126,23.15989847715736,0.0,1.2238805970149254,0.2985074626865671,1.0,5.7611940298507465
nageoffer/ragent,control,Java,15528,2.5417453721193803,48.0,28775.0,2647,16.64369970234814,0.0834285714285714,6.711928934010152,11.539340101522845,1.0697969543147208,9.121827411167512
KalbarczykDev/Striply,control,Java,262,1.316831683168317,6.0,1226.0,101,0.7879924953095686,0.1363636363636363,7.447368421052632,3.631578947368421,1.6578947368421053,4.315789473684211
myaawww/scalp-swing-bot,control,Python,171982,6.752688172043011,22.0,1578.0,93,1.0961214165261384,0.0,,,,
Jabo-Tech/-,control,JavaScript,6710,3.4692307692307693,17.0,1667.0,130,6.660914581535807,0.0,,,,
mattdhuot/domnick-seeds-website,control,JavaScript,31756,2.875,31.0,298.0,32,3.4985906151550323,0.0,,,,
obouzekri/TEAMBLENDER-frontend-next,control,JavaScript,4891,4.044734389561976,90.0,25953.0,2146,3.489319860789464,0.0,,,,
toolevatech-Aman/redheart-admin,control,JavaScript,56342,2.352826510721248,26.0,5285.0,513,2.298414181828801,0.0238095238095238,,,,
oyuh/oyuh,control,JavaScript,7185,1.2,2.0,71.0,5,0.0,0.0,,,,
johnalexf/JAFRinventarios_APPEscritorio,control,Java,1679,1.2956120092378751,12.0,5917.0,433,12.779240315908236,0.0,2.3472222222222223,19.01388888888889,2.111111111111111,7.958333333333333
naik03shashank/naik03shashank-code-solutions,control,Java,784,5.196078431372549,35.0,2648.0,153,17.14180274933112,0.0,0.6666666666666666,0.8333333333333334,1.0,4.666666666666667
shanilaker/Server-with-Logging-Framework,control,Python,8235,9.0,56.0,290.0,10,2.909647779479326,0.0,,,,
pylonmc/pylon,control,Java,6833,2.095812182741117,31.0,15694.0,1576,21.297847524122574,0.0,12.579113924050631,9.981012658227847,2.2531645569620253,11.218354430379748
jorddydylanriveralopez-blip/encuesta-experiencia-yaavs,control,JavaScript,293,3.3773584905660377,47.0,2290.0,159,20.83161794977357,0.0,,,,
bharathi-003/Practice-java,control,Java,452,1.5465587044534412,7.0,1704.0,247,1.039755351681957,0.0075187969924812,0.6045197740112994,0.1129943502824858,1.07909604519774,1.887005649717514
vidyagowda2022/Coding-Journey,control,Python,149,3.0625,6.0,136.0,16,14.74694589877836,0.0,,,,
Harish-6484/civicdesk_full_stack,control,Java,4729,1.702660406885759,29.0,11639.0,1278,17.79462564527189,0.0655430711610486,6.411405295315682,8.718940936863543,1.2912423625254583,5.34826883910387
direction28digital-boop/foster-portal-importer,control,Python,20001,6.884615384615385,19.0,417.0,26,0.2039215686274509,0.0,,,,
elitrobban89/Elbilsladdning,control,Java,594,2.4225,40.0,3086.0,400,3.557272080495985,0.2075471698113207,7.268292682926829,9.21951219512195,1.0,13.195121951219512
LAPSHub/dmovel_web_app,control,JavaScript,47599,,,0.0,0,59.63863484273924,0.0,,,,
planderdev/jgc2026,control,JavaScript,10912,4.877947295423024,438.0,2715.0,721,2.861121660969743,0.0,,,,
skitcc/it-consultant-1c,control,Python,58656,2.9943181818181817,24.0,7175.0,528,2.55691191026064,0.2857142857142857,,,,
Kanan1996/ambulance-real-time-navigation,control,JavaScript,1471,1.0,1.0,2.0,2,0.0,0.0,,,,
scromf9001/dexforge,control,JavaScript,4103,4.602941176470588,99.0,1419.0,68,84.74670188834426,0.0,,,,
OrzMC/OrzMCPlugin,control,Java,2366,1.713875941197562,46.0,24137.0,2789,6.236367760735661,0.4213333333333333,6.881188118811881,17.56188118811881,1.1732673267326732,11.948019801980198
