full_name,group,ncloc,n_satd,satd_per_kloc
Proyecto-final-P2/Proyecto-Gestion-Eventos,academico,5072.0,2,0.3943217665615142
houddani/Misiotronica,academico,1076.0,0,0.0
VitorYuji25/Proejto_TCC_VitorMatsushita_UFU,academico,1030.0,0,0.0
hugorsgarcia/gbemulator,academico,6797.0,0,0.0
danilo562/BootCamp_ColaboraAi,academico,3252.0,3,0.922509225092251
abrahamchang/trabajo-de-grado-2019,academico,4212.0,0,0.0
NicovrauG/TCC,academico,1306.0,0,0.0
spereyra-spec2/Proyecto-Final-Integrador-IDS,academico,7383.0,0,0.0
Arthurferrera/crypto-exchange-desktop,academico,1793.0,15,8.365867261572783
FranciscoCou077/Proyecto-EDAII-Backend,academico,1368.0,0,0.0
claudiomlarrea/SAVT,academico,14757.0,7,0.4743511553838856
wendreof/tcc,academico,1057.0,0,0.0
jlucassr/TCC-Barry-Snow,academico,423.0,0,0.0
NICXONP/ProyectoIntegrador4SEM,academico,5860.0,2,0.341296928327645
odilonferreira/testrunner,academico,1685.0,0,0.0
jpsanchezg/trabajo_de_grado_encryptai,academico,844.0,1,1.1848341232227488
Hicaro-Bauer/PROJETO_MAONARODA,academico,5841.0,24,4.108885464817668
Ctrl-Angelus/AbyssBound,academico,1330.0,0,0.0
XxAlexplosivoxX/Proyecto-PAP,academico,737.0,2,2.7137042062415198
ChrisX4Ever/ProyectoFinalTIC4,academico,122.0,0,0.0
Wandersonelias/skillbuscarimoveis,academico,353.0,0,0.0
Autumn64/conexion-uvm,academico,1228.0,0,0.0
beavct/mac0499-tcc,academico,1726.0,1,0.5793742757821553
tiagofabian/springboot-sa-ha1,academico,3221.0,0,0.0
monick96/BACKEND-HUNTECH,academico,3079.0,7,2.2734654108476775
SaTsSo/SC-303_Cliente-Servidor_ProyectoFinal,academico,4530.0,0,0.0
Punchzin/EasyProg,academico,4023.0,0,0.0
Gianfranco05/Tesis_SiemInteligenteMachineLearning_Canciani,academico,1102.0,2,1.8148820326678765
GustavoCarvalho25/CarSalesSystem,academico,1424.0,0,0.0
iPoe/backend-tesis,academico,1506.0,0,0.0
JustBeingLuis/Trabajo-de-grado,academico,2399.0,0,0.0
aremec-tesis/ml-microservice,academico,676.0,0,0.0
RISC-V-Azedinha/GUI-TCC,academico,4492.0,1,0.2226179875333927
aaizaguirre/inmoplus-DEW_cibertec,academico,3026.0,0,0.0
vitor-tardivo/Chatbot-Funil-Simples,academico,13599.0,12,0.8824178248400617
gskumlehn/stock-it,academico,499.0,0,0.0
marodrigues412/ampara-tcc,academico,6204.0,0,0.0
danielbulacio/Proyecto-TP-Final-INTRO,academico,4713.0,1,0.21217907914279652
anajulialeite/Cardapio_Online_TCC_II,academico,7297.0,0,0.0
tesis-bachiller-edson-chavez/tesis_bachiller_backend_multimodular,academico,15022.0,0,0.0
CamilaListon/bibliotecapessoal2.0,academico,3046.0,0,0.0
pacdouglas/TCC-GoTorcidaAndroid,academico,12491.0,0,0.0
ezequielluge/proyecto_CTD_DH,academico,2198.0,10,4.549590536851683
LethalCode23/SweetNestApp,academico,3071.0,0,0.0
FabricioColedani/SGB_DB,academico,2187.0,3,1.3717421124828533
ErickLuiscb/Erick-TCC-MindUp,academico,9079.0,1,0.11014428901861438
pedroinaciop/monitoramento-alimentar-api,academico,2412.0,0,0.0
ETEC-de-Guaianazes/Cronos,academico,18689.0,34,1.819251966397346
Abduz102/BarberiaStyle,academico,4058.0,0,0.0
ashcroft08/oa-inclusivos-auditiva,academico,12001.0,8,0.666611115740355
leiteav/lookao-api,academico,483.0,0,0.0
joaquinDev22/Proyecto-Final-Progra-3,academico,4622.0,0,0.0
EzeCombina/ProyectoFinal,academico,1685.0,5,2.9673590504451037
xdaviann/codegalaxy,academico,9076.0,19,2.0934332304980168
d2cml-ai/llm4tesis,academico,207.0,0,0.0
Elian027/movilTesis,academico,3640.0,0,0.0
diogeneschagas/aws-java-tcc-api,academico,869.0,2,2.3014959723820483
LucasGaldinno/autostock,academico,15975.0,0,0.0
Oswaldo0/examples_Tesis,academico,5713.0,0,0.0
gbrdev/trabalho-javaweb,academico,4710.0,0,0.0
JackyrDC/Tesis_Code,academico,3116.0,13,4.172015404364569
EcoSort-AI/ecosort-web,academico,11878.0,1,0.08418925745074929
jessicasantos13/trabalho-conclusao-programacao-para-automacao-testes,academico,51.0,0,0.0
Proyecto-Integrador-II-TSDWAD-C2025/Programador-Web-TSDWAD-C2025,academico,8486.0,2,0.23568230025925052
wallace-2105/verifica-noticia,academico,1620.0,0,0.0
Andreyluigi/ApoiaME,academico,15481.0,13,0.839739034946063
LuMistro/Platinum-eCommerce,academico,2608.0,0,0.0
leandroM2/GestionAlmacen,academico,5670.0,0,0.0
LucasRPorto/projudi-log-offload,academico,4713.0,5,1.0608953957139826
Mi-Turno/mi-turno-backend-tesis,academico,5140.0,15,2.918287937743191
DRodrigues17/CoracaoDasCartas,academico,1388.0,0,0.0
raynarg/SIU-FCAD,academico,4764.0,4,0.8396305625524769
Projeto-Estacionamento/project-EasyPark-,academico,8439.0,2,0.2369949046095509
sebastianvpz/IntegradorProyecto,academico,6797.0,0,0.0
diturrietag/Whisper-IA,academico,73.0,0,0.0
camilla-pereira/proj_final_ebac,academico,253.0,0,0.0
DVLM-Consulting-Group/studiohair-dvlm-backend,academico,1160.0,0,0.0
MtheusM2/Sigatccompact,academico,6652.0,0,0.0
NicolasKaenan/TCC-Orbitae-Software,academico,1886.0,0,0.0
Davi-fsS/school-transport-backend,academico,4801.0,0,0.0
paulgutv/creciendo-sano,academico,3679.0,5,1.359064963305246
teey-tech/DiversiFica,academico,1268.0,0,0.0
FranCrov/Proyecto-Final-DesarrolloWEB,academico,963.0,0,0.0
Lehtty/tcc,academico,3804.0,0,0.0
v-L1ma/AdotaAi.pet-WEB,academico,4109.0,0,0.0
ingyeffersonhh-dev/inventario-inteligente-Casserissima,academico,8559.0,4,0.4673443159247576
jeangeorge/tcc-bookreader,academico,3431.0,5,1.457301078402798
wjunior15/python-soc-tcc,academico,884.0,0,0.0
TCC-Senai3/senai-skillup.backend,academico,3807.0,0,0.0
ViniVarella/tcc-traffic-cv,academico,8714.0,0,0.0
kendaozinho/unifacef-tcc,academico,1981.0,0,0.0
sepulveda272/Proyecto_integrador_5,academico,17208.0,9,0.5230125523012553
romanrios/IFTS-PP4-PI-grupo1,academico,4468.0,0,0.0
Shimoto008/VivaBem,academico,1733.0,0,0.0
eduardokussler/tcc,academico,631.0,0,0.0
Allaht2007/TropicaliaShop-Trabalho-de-Conclusao-de-Curso,academico,4280.0,0,0.0
vinicius01cs/UNIPA,academico,2417.0,1,0.4137360364087712
SebaMD/landing-page-tesis,academico,747.0,0,0.0
Fernandolembo/TCC_2026,academico,362.0,0,0.0
isabwllyrr/tcc-dashboard-dialise-sus,academico,4422.0,0,0.0
Titulacion-Sistemas/PracticasDjango,academico,12844.0,32,2.4914356898162566
ebeltran7/ProyectoIntegradorFitosanitarioU,academico,4777.0,2,0.4186728072011723
ArthurFsaldanhaDev/Projeto-Integrador---Desenvolvimento-Web,academico,623.0,0,0.0
LESSA-Tesis-2026/arqui-diego,academico,4007.0,0,0.0
Gregory-JP/psychic-chainsaw,academico,2729.0,0,0.0
juanse22/proyecto-integrador,academico,2483.0,1,0.4027386226339106
Jamesostin-15-SY/PROYECTO_POO_FINAL,academico,1221.0,11,9.009009009009008
Barbyland/gestion_productos_final,academico,252.0,0,0.0
ThulioFonseca/EspLoraChain,academico,541.0,0,0.0
yoselyng123/Cubys,academico,7603.0,4,0.5261081152176772
KarollAmayita/ProyectoIntegradorVr1,academico,16060.0,0,0.0
grupo-7-tcc-2026/prevision-api,academico,173.0,0,0.0
rony728/SIGO-Java-POO-SQLite-Swing,academico,9093.0,3,0.32992411745298583
florencia-oviedo/ProyectoCodoaCodo,academico,2567.0,1,0.3895597974289053
luizcarloscf/tcc,academico,2844.0,0,0.0
Luis-Chow/ProyectoFinalWebII,academico,4062.0,4,0.9847365829640571
neimex23/Trego-Backend,academico,9993.0,1,0.10007004903432402
Linkado36778/Smart_Balance_Backend,academico,871.0,0,0.0
thag0/Information-Bottleneck,academico,472.0,0,0.0
gabrielbordiga/tesisAltoPortatiles,academico,8546.0,0,0.0
kcuyuch-2024177/ThirtySixSevenThree,academico,4594.0,1,0.21767522855898996
MattxPz/academic-events-api,academico,6794.0,3,0.44156608772446276
eduazzolin/reportai-server,academico,3493.0,0,0.0
TresMilDeName22/POOUNALGrupo2,academico,1109.0,0,0.0
GabriielGamez/FrontEnd-PCEXTREME,academico,5514.0,7,1.2694958287994196
roanbupa/ProyectoM1_AndresBurgos,academico,293.0,0,0.0
OviedoMarcelo/FoodStoreTPI,academico,4116.0,1,0.24295432458697766
nullguess/e-gas,academico,2310.0,0,0.0
Marino-LC/tesisx3_plus,academico,3132.0,6,1.9157088122605364
msilvalucas/aves-de-rapina,academico,3086.0,0,0.0
josemartinrodriguezmortaloni/ProyectoFinalSimulacion,academico,3067.0,5,1.6302575806977502
wilsonfcj/api-sti-tcc,academico,3690.0,1,0.2710027100271003
MiyoBran/simulador-colectivos,academico,6045.0,1,0.1654259718775848
lanjoni/AsAid,academico,5852.0,3,0.5126452494873547
fedeheinrich/clubgamer,academico,5400.0,5,0.9259259259259258
FabricioUTP/Proyecto-Final-de-Desarrollo-de-Aplicaciones-M-viles,academico,4840.0,5,1.0330578512396695
AndreEsposito/tcc-food-label-analyzer,academico,3010.0,0,0.0
JhanCarlosMC/ProjectBase,academico,1306.0,0,0.0
LuanCSV/pets-social-network-DH,academico,2760.0,0,0.0
HRamiroAlbornoz/ProyectoM3_HernanRamiroAlbornoz,academico,1896.0,3,1.5822784810126582
4snt/rizoma-backend,academico,11064.0,16,1.4461315979754157
VivianaCuartas/NT_sabados1_MedellinParce,academico,348.0,0,0.0
Web-101/proyecto-final-Ale07bb,academico,1512.0,1,0.6613756613756614
EmilioOcelotl/tres-app,academico,6062.0,7,1.1547344110854503
JohnathanAraujo/ml-tumor-cerebral,academico,130.0,0,0.0
Arthurferrera/crypto-exchange,academico,22679.0,8,0.3527492393844526
Felps-g/SCOUT-VOLEIBOL-TCC,academico,9108.0,0,0.0
mpluasgu/Multicentro_Mascotas,academico,7335.0,11,1.499659168370825
Walter-Dalla/Tcc-comportamento-abelhas,academico,9064.0,38,4.192409532215358
Kaua-da-Silva-Padin/cantinaTcc,academico,2687.0,0,0.0
JuanReina13/PROYECTO_FINAL,academico,1759.0,0,0.0
AdrianoBendazzoli10/Tcc,academico,764.0,0,0.0
SophiaAg/Boxpets-node,academico,13109.0,0,0.0
Gu1Ramires/PROJETO-SOURCE,academico,4573.0,1,0.21867483052700631
Dannhz/Android-Joystick-Arduino,academico,1716.0,0,0.0
Daniel-Thielmann/ml-eeg-classification-fbcsp-fractal,academico,5502.0,0,0.0
freddurao/talentos-ic-tcc-front,academico,10396.0,0,0.0
caiohrmm/TCC-BartoFinance,academico,11131.0,9,0.8085526906836762
Tesis-Sistema-IoT/Frontend-Service,academico,14316.0,3,0.20955574182732606
GabrielIvo0/InteratIvo,academico,3634.0,3,0.825536598789213
SantiagoUdeA/vegas-backend,academico,6709.0,9,1.341481591891489
varnt/BTOWEEN,academico,802.0,11,13.71571072319202
Hector-venero/Historia-Clinica-CAU-Full-API,academico,21774.0,3,0.13777900248002203
TRABAJO-DE-GRADO-SXS/docs,academico,7193.0,0,0.0
ErichComparin/App_CompartilhamentoFotos-Android,academico,2460.0,0,0.0
claruchis/proyecto-final-automation-testing-clara-carbonetti,academico,587.0,1,1.7035775127768313
GiovaniCancherini/facial-counterfactual-clip,academico,6452.0,2,0.30998140111593303
Altea-project/Proyecto-Integrador-RIWI,academico,6433.0,11,1.709933157158402
caloloc2/Control_UIsrael,academico,1000.0,1,1.0
Rafael-Caires/TCC-AI-Financial-Analyst,academico,19710.0,2,0.10147133434804667
niclesantiutn/TP-DSI-2025,academico,7431.0,0,0.0
azurdiajonatan/Integrador_Analisis_Datos,academico,436.0,0,0.0
Alejandr0o0o/ServerGuard,academico,2621.0,0,0.0
fermop/ProyectoM1_FernandoPerezMojica,academico,436.0,0,0.0
paulotaraujo/TCC_master,academico,28155.0,3,0.10655301012253596
itscamyvicc/prototipo-c-v-d,academico,4901.0,2,0.40807998367680065
Otavio088/sormax,academico,3040.0,0,0.0
pedro-m-nunes/enemsim,academico,3990.0,0,0.0
BrunoFernandes1302/controle_almoxarifado_estoque,academico,4827.0,0,0.0
Glosssaga/NT_SABADOS2_TRUSGO,academico,501.0,0,0.0
MauricioCogo/TCC_Backend_Calouros,academico,2722.0,0,0.0
echeverriaalex/Proyecto_Integrador-NodeJS-Front,academico,6014.0,0,0.0
EduardaMarinsBrandao/TCC-ReStore,academico,4493.0,0,0.0
RodrigoSecundo/Justock,academico,16664.0,0,0.0
leosimoes/UERJ-TCC-Analisador-Dados,academico,525.0,0,0.0
Minato97/presentacion_tesis_2,academico,2011.0,0,0.0
zerouacuca/sitema-controle-presenca,academico,8605.0,1,0.11621150493898895
stcharlie98/CogniBee,academico,2137.0,2,0.9358914365933552
UriSuti/Pilchix,academico,14442.0,6,0.4154549231408392
nicolaseliasx/sigcaps,academico,2832.0,0,0.0
bragabriel/TCC-backend,academico,3401.0,0,0.0
WalToledo/Futbolle,academico,1168.0,0,0.0
Arthur2060/Inpark-backend,academico,7495.0,2,0.266844563042028
RodriguesYuri/Dashboard-TD,academico,98.0,1,10.204081632653061
DanielFlorido/tesis,academico,271.0,0,0.0
fabrizzio178/PPAI,academico,1654.0,1,0.6045949214026602
Capa1221/AgricultorIoT,academico,3771.0,0,0.0
miguelsanchesprado-max/TeamStudy-,academico,6391.0,0,0.0
MartinaMasanes/JemarFrontend,academico,6130.0,1,0.1631321370309951
MartinaBoero73/proyecto-planIMRT,academico,2552.0,4,1.567398119122257
lorenzo-pachioli/agencia_de_autos,academico,3849.0,1,0.2598077422707197
square0108/redes-pryFinal-2026,academico,924.0,3,3.2467532467532467
EduHoff/japones_web,academico,1029.0,0,0.0
NahuelSalomon/UCES-API,academico,5871.0,0,0.0
Nicogamerman/economiacircular,academico,6498.0,0,0.0
JulianoShinohara/tcc-estagio-UTFPR,academico,8123.0,0,0.0
JoseVMacR4/Proyecto-de-tesis,academico,14650.0,12,0.8191126279863481
jadx2/07_joyeria,academico,3670.0,2,0.5449591280653951
rodrigorjsf/tcc-usability-backend,academico,6607.0,2,0.3027092477675193
sepulveda272/PROYECTO_INTEGRADOR_4_SEMESTRE,academico,12914.0,117,9.05993495431315
Sebastian320CA/san_rafael,academico,1869.0,0,0.0
GEOUNSAM-UNSAM/geounsam-app,academico,10236.0,8,0.7815552950371238
Alex2006ye/TCC---App-Para-Doa-o-de-Sangue,academico,4339.0,12,2.7656141968195436
thiagoeu/tcc-monitor-ruido,academico,7757.0,3,0.3867474539125951
miguelyoos/ProyectoIntegrador-1-Frontend,academico,7515.0,0,0.0
ottock/CarlaSimulator-TCC,academico,5922.0,0,0.0
LautiOlivero/TRABAJO-PR-CTICO-INTEGRADOR-TPI-MSII---GRUPO-6,academico,1717.0,0,0.0
Kyutz/langgraph-correcao-poc,academico,7314.0,0,0.0
Valeria323/backendtesis,academico,2896.0,0,0.0
DevWCastle/cbpatio_client,academico,6271.0,0,0.0
JoaoBLeite/Unifal-TCC-CPP,academico,1757.0,2,1.1383039271485487
KleynerFC/Tesis-Robot-Agricola-JetTank,academico,1162.0,0,0.0
0220CBFSNCN01ARCO/grupo_3_BikeWorld,academico,1459.0,0,0.0
bogdanstancu1119-maker/PSIE-Lab,control,3131.0,2,0.6387735547748323
dedeadend/KillMyApps,control,4671.0,0,0.0
Apitomy/apitomy-flow,control,7432.0,3,0.4036598493003229
amitvermaio/LeetcodeSolutions,control,3422.0,0,0.0
bachlonbizerte/Novatrade,control,2267.0,0,0.0
rukiyesena/java_project,control,2058.0,0,0.0
Avida2C/Funzies-ReactJS,control,16115.0,0,0.0
jonlew90/kibo-climb,control,45475.0,10,0.2199010445299615
Mupu695685ky/flashloan-risk-analyzer,control,643.0,0,0.0
ZulbiaBamiyeh/Chess,control,20390.0,0,0.0
Regno1/DSA,control,637.0,0,0.0
Sidhu-2312/LeetCode-Solutions,control,2219.0,0,0.0
antono4/agentku,control,706.0,0,0.0
a895411690/heartbuddy-miniprogram,control,6447.0,2,0.3102218085931441
sandipsky/inventory-system-be,control,8368.0,0,0.0
PanteraStaking/x-updates,control,299.0,0,0.0
LuoYuMC/GoodEntityMod,control,868.0,0,0.0
CreepingCreeper/SlimeWorld,control,12074.0,0,0.0
Bhianesse/serfree,control,85.0,0,0.0
Sebastianlr11/aurem-gs-joyeria,control,26519.0,40,1.5083525019797128
yidoer/fanzha-classroom,control,2876.0,0,0.0
jfglzs/Antideath-survival-assistant,control,4343.0,2,0.46051116739580933
t-eliscovich/intela-maquinas,control,9388.0,46,4.89987217724755
PSCRedefine/SinglePrediction,control,1978.0,0,0.0
mayankxrawat/leetcode-practice,control,2317.0,0,0.0
Haseeb-Ali-404/QuizArcade,control,3075.0,0,0.0
anggapraditya100111-a11y/kas-kecil-linux,control,5952.0,0,0.0
matthewlabenznws/weather-graphics-builder-lbf,control,17913.0,0,0.0
SzJS/ConstitutionalDebate,control,12597.0,7,0.5556878621894102
ankitparida-dev/LeetCodeSolutions,control,3541.0,0,0.0
shikhar004dot-com/Leetcode-DSA,control,3090.0,0,0.0
Artemx585ex/Vacancy-Review,control,2774.0,14,5.046863734679164
agp-id/UwuHPif,control,2224.0,0,0.0
vscafuto87/wego,control,9632.0,6,0.6229235880398671
owenoffbeat/ygosu-mstz,control,5552.0,0,0.0
Mateusmith/assistente-conhecimento,control,9844.0,0,0.0
Varun0054/neetcode-submissions,control,4413.0,0,0.0
cryals/git-net,control,70.0,0,0.0
AmandaT28/fitness-coach-app,control,1098.0,0,0.0
elevationchic-ux/globaltracking,control,15737.0,7,0.4448115905191587
JDev000/tsunami-script,control,25.0,0,0.0
tbrook2008/Trader-Bot,control,3743.0,1,0.2671653753673524
rees3901/BluepawsV4,control,18659.0,0,0.0
badgerkernelu3gj1/defi-position-manager,control,643.0,0,0.0
ErhickDiaz/COPIA-DASHBOARD_STREAMLIT_LOGISTIC,control,1461.0,2,1.3689253935660506
septaryanhidayat/smartfeed,control,25550.0,0,0.0
phanomphunkasem02/action_pk,control,997.0,0,0.0
AndriiSolodovnyk/feed,control,24708.0,0,0.0
patil-piyush/OceanGuard,control,12282.0,0,0.0
IDAS-Durham/MAY,control,32734.0,14,0.4276898637502291
sortizb/bts-radar,control,205.0,0,0.0
fapoxteyi214176/dex-liquidity-analyzer,control,643.0,0,0.0
edward-zyz/blueprint2real,control,7790.0,0,0.0
snehagulagond/Data-Structures-and-Algorithms,control,1012.0,0,0.0
pritthraj/-,control,1132.0,1,0.88339222614841
WayZ-Minecraft/Photon,control,6660.0,2,0.3003003003003003
saisrigandla/JAVA_BACKEND_DEVELOPER_BOOTCAMP_2026,control,805.0,0,0.0
dandyraka/JKT48IDNHistory,control,96.0,0,0.0
kazuki-matsui/When-Nightmares-Awaken,control,752.0,0,0.0
Adhithya2403/SOLUTION,control,807.0,0,0.0
tannere7/tannere7,control,32.0,0,0.0
halnovemil/H3TiledLoopSpaceTime,control,313.0,0,0.0
diogo-speck/Algoritimos-e-Programacao,control,1977.0,0,0.0
MemoriesOfTime/MemoriesOfTime-GameCore,control,5626.0,1,0.17774617845716317
lflachot-dotcom/retards-trains,control,457.0,0,0.0
bibifu39486a/flashloan-copy-bot,control,643.0,0,0.0
gzt2003/document-temperature,control,1037.0,0,0.0
arminjafari1383/finalproject,control,20699.0,0,0.0
Atharva-001-cyber/LeetCode_Problem,control,688.0,0,0.0
aarifansari-star/Aarif-Resell-Product,control,69.0,0,0.0
openimis/claims_android_app_java,control,19687.0,9,0.45715446741504545
Arandjeloviicc/OOP-Project,control,7348.0,1,0.1360914534567229
richardmhuse/do-not-hit-the-bridge,control,2697.0,0,0.0
anjali-bhokare/Leetcode,control,1541.0,0,0.0
andrestubbe/FastAIAgent,control,3065.0,4,1.3050570962479608
onyxravenma4073/flashloan-signal-generator,control,643.0,0,0.0
Charbel12323/Hunter,control,1871.0,0,0.0
KamleshJayasankar/LeetCode,control,2187.0,0,0.0
dino213dz/3D-Viewer,control,5259.0,0,0.0
Chun-taro/AI-Powered-Yellow-Box-Zone-Violation-Monitoring-System,control,6115.0,0,0.0
gldnpz17/gldnpz17,control,331.0,0,0.0
crane0927/saas-forge,control,18087.0,0,0.0
Senzo13/Senzo13,control,246.0,0,0.0
darkfishboter/spendible.lc,control,1575.0,5,3.174603174603175
mijiaco/moneyball-discord-trade,control,7988.0,0,0.0
Argus-AiTeam/Hilbert16-Dual-Argus-Observatory,control,468.0,0,0.0
tsusarmy-commits/tlevents,control,277.0,0,0.0
xjpzt666-lang/AI-,control,6113.0,0,0.0
napo/evcharginglogtrento,control,4456.0,1,0.22441651705565527
ywolper/courtDocketScraper,control,574.0,0,0.0
Khurram-Devs/Khurram-Devs,control,290.0,0,0.0
CloudWaddie/ModelWatcher,control,5049.0,0,0.0
FilippoSapienza/droppmoney,control,1100.0,0,0.0
Detector-byte/pattern-detector-bot,control,32889.0,0,0.0
HLGZJY/lingxi,control,1317.0,3,2.277904328018223
Moon-Knight13/foundryvtt-docker,control,9246.0,0,0.0
Nishu2720/nishu-portfolio,control,1177.0,0,0.0
bapack2g4m3r/senapati,control,3997.0,0,0.0
gqkd/framework-data-ai,control,8025.0,4,0.4984423676012461
jorgealbertocervantes04-sys/Presentacionclou,control,3989.0,47,11.782401604412133
ERDSGFC/JForge,control,7005.0,0,0.0
iwtbotiwtwot/free-mersenne-prime-exponent-repo,control,422.0,0,0.0
tuananh-din/mot-goc-nho-cua-haanzz,control,593.0,0,0.0
thesahilsinh/ct-keno,control,4036.0,0,0.0
Dante3750/GameEngine-Utils,control,5258.0,0,0.0
Jason-Vaughan/project-assets,control,1769.0,0,0.0
Anchal0610/leetcode_questions,control,2336.0,0,0.0
JoskoIka/kp-oglasi,control,284.0,0,0.0
JusteLoneWolf/JusteLoneWolf,control,46.0,0,0.0
mellowro771298/strategy-visual-builder,control,643.0,0,0.0
Swiftal13/scrims-tracker,control,1161.0,0,0.0
lakesidebore/gicmox,control,34.0,0,0.0
siddharthpandey-10/leetcode-solutions,control,2326.0,0,0.0
zhangsen-hit/evdepth_v2,control,9665.0,1,0.10346611484738749
Aryan-Shah26/Chat-Engine,control,1737.0,0,0.0
Pavan3030-pr/Astrolive,control,5784.0,0,0.0
QuanTaLPha06/KickOff-C31,control,3390.0,0,0.0
chronick/10x402,control,15782.0,20,1.2672665061462425
tonmoy1a/NodeJs-Local-Media-Streamer-and-Manager,control,1877.0,227,120.93766648907831
ntclark/Music-Explorer,control,2174.0,0,0.0
artis-mcrt/artisatomic,control,6052.0,4,0.6609385327164574
ChodagamGnanaVenkataSindhusha/ChodagamGnanaVenkataSindhusha_Enterprise-Learning-Platform,control,191.0,0,0.0
yehia0/Wexa-AI-Take-Home-Assignmen,control,740.0,0,0.0
ashimarawat78/Python,control,427.0,0,0.0
asbapatms/maf-outcome-economics,control,10474.0,0,0.0
Suk-ldev/edgepay-serverless-payment,control,20.0,1,50.0
joelucadooley/metro-liga,control,1408.0,0,0.0
VivekSai07/ContactPilot,control,3842.0,5,1.3014055179593962
VIRIDIALLC/sdr-team,control,86.0,0,0.0
Swapnil05-03/LeetCode-Solutions,control,2960.0,0,0.0
cushplayerprops/cush-data,control,4384.0,0,0.0
rajeshmaity2005/backend_practice_days,control,933.0,0,0.0
cyberh4ck3r/free-proxy-list,control,301.0,0,0.0
TalPlay/Telepromp,control,3446.0,0,0.0
lebianchii-ops/funcionaria-lb,control,1464.0,1,0.6830601092896175
tomo3104/amacari-app,control,7920.0,0,0.0
tufeeq/ai,control,898.0,0,0.0
Lmcysdz/tacz_rpg,control,2840.0,0,0.0
parserpp/ip_ports,control,7.0,0,0.0
thirupalamalai2005-sketch/LEETCODE-PROBLEM,control,1806.0,0,0.0
tarassov12346/Raging-Horse-Tetris-4.2,control,3278.0,0,0.0
ryancinsight/atlas,control,17292.0,12,0.6939625260235947
jenkinsci/tics-plugin,control,3615.0,0,0.0
tomf02391-crypto/PC28-data-source-interface,control,1396.0,0,0.0
ArslaanK/FHRL_forecast_monitor,control,799.0,0,0.0
guscsales/hele-skills,control,1087.0,0,0.0
Mykaell-Max/mflab-knowledge-rag,control,28787.0,0,0.0
rajatsurana19/DSA-Learn,control,1675.0,0,0.0
snakamurako-coder/grammarquiz,control,6305.0,0,0.0
dhlee090512-arch/auto-trade,control,1075.0,0,0.0
rithikraj3744-cell/Teamsync-v11-02-04-26,control,5118.0,0,0.0
guechanlee/java_,control,5178.0,0,0.0
MichengAI/dsh-agency-agents,control,12951.0,4,0.308856458960698
PistachioPony/learnMCP,control,502.0,0,0.0
ezzawa/BOT_AP2T,control,7257.0,1,0.13779798814937302
guesswhozayn/homivio,control,2127.0,0,0.0
Sounak-107/esp-32-projects,control,386.0,0,0.0
burgosfacundo/inventory-api,control,15516.0,0,0.0
miriwutz/finas-lous-lernwelt,control,8560.0,0,0.0
SA-C-H/Liquidity_Alerts,control,176.0,0,0.0
Amit-R-Ingale/Chaitanya-Education,control,3651.0,0,0.0
FriedrichFroebel/oc_car-gui,control,1861.0,0,0.0
sptvhelpdesk-ship-it/Universal-auto,control,295.0,1,3.3898305084745766
noblequartzhuq4734/dex-pool-optimizer,control,643.0,0,0.0
sreevyasa-09/LeetCode,control,5052.0,0,0.0
NarimanGurbanov92/timestamp-updateter,control,32.0,0,0.0
Wyze3306/BedrockOnLinux,control,31315.0,18,0.5748044068337858
SDCG69/SDCG-V10,control,7053.0,9,1.2760527435133986
anubhavmaurya22/leetcode-,control,762.0,0,0.0
mini-mammoth/iron-oak,control,2570.0,5,1.945525291828794
01harshu/leetcode,control,3003.0,0,0.0
shrikant1605/DSA-Leetcode-Solutions,control,1368.0,0,0.0
toufik-airane/x-pimp,control,3180.0,0,0.0
KalbarczykDev/Striply,control,2227.0,0,0.0
myaawww/scalp-swing-bot,control,1749.0,2,1.1435105774728416
Jabo-Tech/-,control,2901.0,0,0.0
merge-demo/mergequeue-nx,control,1099.0,0,0.0
johnalexf/JAFRinventarios_APPEscritorio,control,8721.0,25,2.8666437335167987
toolevatech-Aman/redheart-admin,control,12473.0,1,0.08017317405596087
oyuh/oyuh,control,64.0,0,0.0
mattdhuot/domnick-seeds-website,control,4686.0,0,0.0
bharathi-003/Practice-java,control,2279.0,0,0.0
shanilaker/Server-with-Logging-Framework,control,306.0,0,0.0
jorddydylanriveralopez-blip/encuesta-experiencia-yaavs,control,7148.0,2,0.27979854504756574
vidyagowda2022/Coding-Journey,control,152.0,0,0.0
elitrobban89/Elbilsladdning,control,6463.0,0,0.0
skitcc/it-consultant-1c,control,8010.0,0,0.0
Kanan1996/ambulance-real-time-navigation,control,46.0,0,0.0
planderdev/jgc2026,control,9457.0,0,0.0
direction28digital-boop/foster-portal-importer,control,923.0,0,0.0
scromf9001/dexforge,control,3009.0,11,3.6556995679627784
